What is your email?,What is your gender?,What is your age?,How did you learn about this survey? ,Submitted At,Token
78ad7cd561a4b30f06a7aa77022bef0b,Female,68.0,,5/5/2020 20:47:04,3j7a29nkq69l6tpydc1zi1bb3j7a29k4
89d7b6119b237603920f3270427578db,Female,41.0,,5/5/2020 20:47:34,ap254u4l4hkaxkkaap25h8lf1f2ajqdv
8e19cdc61a05220158210716a0407e73,Female,67.0,,5/5/2020 20:47:50,gg8v91vax1zl0pr1gg8v94u7suaz4ofr
1253fe4a2537a01af5f992d23478349b,Female,28.0,,5/5/2020 20:47:46,ppct7dhpu9m5j3gcfxeu9ppchuteoy9i
ece46ceba2f24058e12fe06f8d212cb9,Female,31.0,,5/5/2020 20:47:49,v84ym6ccr62zd6gw3v849puwetmyfl60
6f91b3978133738c1faa7287578501d1,Female,45.0,,5/5/2020 20:48:15,w8v5vs61rcsn7e9vw8vl13uvs4ww2c34
e433eb53c23affcc3e4e2256fd59ba87,Female,32.0,,5/5/2020 20:49:33,k5z9d4921y2znwk5z9gok0w4fu0j3i1k
452b26bba5db04c5a523dae6021f2678,Female,66.0,,5/5/2020 20:50:45,07ryp7quqjx5i09bcar3wu07ryp7ququ
63cb5ec402a319f6b9f35ee09d30b004,Female,36.0,,5/5/2020 20:53:56,uf8ngnfuflimzfx2qfgpiddor0y56mnq
2743e70e60409bd372df6ab3606a14f0,Female,43.0,,5/5/2020 20:53:57,01y6g07r09dp2rnczr01y6grtjvv187e
ca6e807f53c82fd8c05d9591fd4ad5a8,Female,22.0,,5/5/2020 20:55:02,hu0dstfbarn1mcltuxlhu0dstns3bd4f
bec9cad31e05817716a5c6da2ce453da,Female,48.0,,5/5/2020 20:56:05,6ed4d811ng6n1x44knl76ed4tsgb63fb
f7b9befa0c1d7a35e279d325d8230c61,Female,37.0,,5/5/2020 20:57:41,qqq9hvj4xcj9if8nzmibhvnqqq9hvmpm
5affcfdffa67ed0db0f72c5c59444fb5,Female,65.0,,5/5/2020 20:58:26,5d42zik56tpz6yp19motx5d42zi46vzm
163e9d436bc83afd754db9b62fb6c085,Female,,,5/5/2020 21:02:54,g2a6tpvwnf0ztd80yg2a6ltvfle8dn4k
b88549d85c312d27b4f6096e5bb160bc,Female,,,5/5/2020 21:04:15,657x7286uiirycdk44go9657x72o0ii1
5c4be837849731804e4d0c8f277e675a,Female,57.0,,5/5/2020 21:04:15,rk5rmp3kqznzdaplarcrk5rmpd4e9hv3
e163394ee681d6d54f195ea8ee57e3b9,Female,38.0,,5/5/2020 21:05:19,avnipab8jg2zh4amjegu3x8avnipabq7
ed7acd81e89ad33116343a638c3196d6,Female,61.0,,5/5/2020 21:06:34,nzkw0y568bgf3vbgvnzkw0yk2034pllq
f77d3bc0a7c2e0497e86668191a87f07,Female,41.0,,5/5/2020 21:07:10,g1q0ejt9mb9r54eyfv5gjg1q0ejotbdj
f51ee17997bc4b6f971f7458f0566d50,Female,61.0,,5/5/2020 21:07:20,dz426vlumg17wj8cy3rz0mdz426vlumw
701bccc76abd1b4d51423aeb9b74b0a3,Female,60.0,,5/5/2020 21:07:53,dzaj83fncd3a23cdzaj3pm5xgdrzm3q6
38536fb30e1929a924488140ab6b7305,Female,59.0,,5/5/2020 21:08:17,yam49h33kawioow9fy8ljyam49htn7yd
32a4f5de41bb4f0e121a46955eef1365,Female,39.0,,5/5/2020 21:08:24,n9kys0ywi1v3gden9kys02xuf7rt61uq
efc431e65383acc4de8ae367af795e84,Female,49.0,,5/5/2020 21:08:51,5gqxng45mldihbevap5gqxnouvynqyc7
c007868b803628986d3216901ed00797,Female,55.0,,5/5/2020 21:09:36,h2su2344lw5847owt5h2su2347jkfeqa
d5747956e7d2a0aaad9dfd4b7d08a2cf,Male,4.0,,5/5/2020 21:10:39,z0j9hk6t14u90ip192z0j2iaq2ft47f0
1059b2efe2688b6e74f1f66ba0bf071e,Female,44.0,,5/5/2020 21:10:15,gku2me3hjb3yv1y58gggku2m1jfxphai
3ea182741999dd54cb902c478ba2704c,Female,62.0,,5/5/2020 21:11:10,setoodbydx1zdsem4fk7lva491b1umm4
a52ca11f9f1c9e87ae477699ca4c65e3,Female,41.0,,5/5/2020 21:11:27,12gdc0gt9fdw68v12gdcraw9ki6driqt
2bd8005e751ff3d0eed6732378299ec8,Female,51.0,,5/5/2020 21:12:02,elwhtva9ymbi2ijelpp7ntgnacphl7fj
29768fe8c3347126578122bf4523944d,Female,55.0,,5/5/2020 21:12:19,d623en2c6xt0p1yay3g0d623en2j09yd
eba461e6558b3da1d086c58f6063ffa5,Female,41.0,,5/5/2020 21:12:43,xlbae14bbh4x60u4md0qxlbae70wrrc8
921629dd4b43022478b5ba1f2ce5e5a1,Female,54.0,,5/5/2020 21:12:52,quqzbcca810tru1ke9quqzbc2ph3flc5
7ff5c73876570543c99af59dac80be6d,Female,59.0,,5/5/2020 21:13:17,85hryv1hzxb279e85hr6u6h4v550z323
73d4d5aaf399ef0b6584e1ea6324038a,Male,27.0,,5/5/2020 21:14:55,3rlom9vf74tyvuh99o3rlom9vij0x1j7
edd8d0889602b0c77117440a8defa33c,Female,65.0,,5/5/2020 21:19:27,v746uex9kk7n2kpenv748gyu343ei90l
4b2cbb50ae85c9eddb3568e01528842b,Female,63.0,,5/5/2020 21:20:00,5n8yhv970ydsazg5n8yhszrvxifvu6g5
bc2535853e3584bf1424711232154515,Female,23.0,,5/5/2020 21:21:13,brnrdi09glx95v934brnrdilz838eq5n
1cb572f2e554c864875b37e0ba8f71de,Female,42.0,,5/5/2020 21:22:56,p8sd0h78ybquvht1k0qp8sd0490qil38
ec489ad5b956604c97a416b22b84ad9b,Female,73.0,,5/5/2020 21:24:09,o5dxqwfvcqh1c5r4o5dxqwfvw10b953g
76b3daa8ddeab52bea5802619708633f,Female,62.0,,5/5/2020 21:24:19,uquepbznbhqrc6vhguquepau2shuppo5
87e7b5b45228db25af463895f2cf7ac0,Female,65.0,,5/5/2020 21:29:26,looepb0uok7zlooebmdl2oww8ler9wo4
5ea96990da2ddf156bbe07cd8968c78c,Female,58.0,,5/5/2020 21:32:07,fvsl7haac6ncioggo0ofvsl7habpzkd8
3f3467f3ef7f5c9cd017c471bde5999d,Female,62.0,,5/5/2020 21:32:36,1d17juphevxfqzod1d17jupyw87oifp7
164fa9849df911239e63772145eb74b4,Female,72.0,,5/5/2020 21:33:40,4cu8b5rnl8gku3ccurld4cu8b5r535ch
b8dd1124468120a524adccf2fd10d087,Female,47.0,,5/5/2020 21:36:21,v3pdine9ck1yta9sv3pd900nun2qwwr6
72cfe39d0c362a1dd1b60b0b7d7c298f,Female,35.0,,5/5/2020 21:37:07,s69di8udt5h09mss69ocy0bp7ejdvf7l
acde1c9a574cab01924e3fad69588167,Female,48.0,,5/5/2020 21:38:03,g3gn7w62l1dq285barng3gn4inycg6fa
b106ca3190fbd4da89536f893d1f3a43,Female,67.0,,5/5/2020 21:41:54,vsn34bfijgdp18z13o5gxvsn34bfkipn
c5e832614f9e37bd37770cb245d53c30,Female,62.0,,5/5/2020 21:42:58,2u6skqk7xrg82lvgjde2u6drifk3xujt
8e05a4dd345405f666f36ce6a797200f,Female,33.0,,5/5/2020 21:46:47,nwyofnz5vjk8z63a3qpdanwyofnzikii
bef667f8ea405b6efcad445d1aab6c6b,Female,54.0,,5/5/2020 21:46:57,u98u8ln24phg6cpu98ednif4ij6bkr1j
ece46ceba2f24058e12fe06f8d212cb9,Female,31.0,,5/5/2020 21:49:17,6uzndtg58yi9j6jkrcj86uzndgauhsh0
efc837ab73384cb914b8e6283f77f88a,Female,57.0,,5/5/2020 21:49:53,8ocdn9dfuvb4ujr79jh9q8ocdn9dfn2s
51983b7dbcda5de99d88a0a8e9b40e03,Female,57.0,,5/5/2020 21:50:13,s07xppj0h1rs07xpz0sy1rl7trugm5jw
edde806ddb4205305bf8a99e1c130f34,Female,,,5/5/2020 21:55:56,f5kuvpkpvoomyn6uuf5k6lvkwjscmkdm
465d3612dc52a8b227d93dc1617a793e,Female,26.0,,5/5/2020 21:57:15,v678mh4y2nl7kz54j1drcv678mhmunee
465d3612dc52a8b227d93dc1617a793e,Female,29.0,,5/5/2020 21:57:42,e58h6wstxofd5637ye58h8jrs7mf296u
26c9db85c769ab4d5f819a9a578b53f1,Female,35.0,,5/5/2020 21:58:27,m9k63m5n4r7wy2bc9mnm9kk59cjufmal
34db8eab1b50dec8f1997bb8fd4a2688,Female,60.0,,5/5/2020 21:58:28,zsx72pp0h7vtzrfifdzsx72pxkes5m7i
ef87ef980e6aa9cc397a4c5a5ca28011,Female,66.0,,5/5/2020 22:01:11,m8tgqb45tsebksvwzfm8tgqacvc1z3h3
311e9098bf4d07c088cbe567b421e180,Female,38.0,,5/5/2020 22:10:53,nwbl5gbzwcpkznwbl0c6xnufpiw0q0dr
3afe6bfd50a72bdd02eebfcbdc710645,Female,59.0,,5/5/2020 22:11:00,uzinugtml9mcc900x8uzinufumntplew
34b6e80a90dabff3307279aaed2c263f,Female,65.0,,5/5/2020 22:13:56,prbgzmeznhcl011ethprbgzlivnrzhs8
412ac45524d493215c51731b377f87df,Female,67.0,,5/5/2020 22:21:02,gaqzou2mcv74ogamtr8yje7c385b644g
e3c9015c3bc2c236b65ab608b8a4f32d,Female,29.0,,5/5/2020 22:23:48,ek3rdy29uzv6sivf772dek3r6ff9slri
c0ba2e5b0f122df2c519351eb9d2636d,Female,66.0,,5/5/2020 22:30:31,3a06vaity3tp7x1q13a06vaypih4xuwz
e8f9daee6ba411ece44ac8866b12e3aa,Female,27.0,,5/5/2020 22:31:02,hs9d8w26u12t7bwjzn280zhs9d89wklw
6ac9781a36072300d1deabde160a13c8,Female,31.0,,5/5/2020 22:35:00,49d368l249yywlek249d36qzo2vz2klp
d9a14b189252cf960387bbcb81bb3cf4,Female,37.0,,5/5/2020 22:40:24,e67ycq5yqs3ekyx8ge67yrnaxbs84qzj
dfd26a5cfb69e83ee568d1484b36ee2d,Female,45.0,,5/5/2020 22:41:41,kuxf81jl9v8asnw0opbxpykuxf83rg62
440cf1990ccbdc63978cc837cbd2ed41,Female,8.0,,5/5/2020 22:44:12,1dc8ob1qhl81s6fal6ilb4o1dc8o9r7x
b09b2098877608f4e8bcf74dfef80d42,Female,28.0,,5/5/2020 22:47:01,juqoww926pax73bzwj9mcjuqoww92dz8
4659d6bfc4ff46c8c6804d062366b5d6,Female,25.0,,5/5/2020 23:42:02,winv7nhnqsp8e9svwinvtv3gq8rd7yvt
5fd1cc822a5e6bc65352a91536c21772,Female,81.0,,5/5/2020 22:59:59,7zdzpomcz6oo4ljpzwoe9ph47zdzpomc
5fd1cc822a5e6bc65352a91536c21772,Female,81.0,,5/5/2020 23:03:14,w99ka6kcf3m4i7la1w99ka8gq2mjixqf
96b57c156ed95119aa2374b45ed81030,Female,53.0,,5/5/2020 23:06:09,p4ps8rl7wyt75mey4z2isp4psvz3wwtk
c1e9d38f2001c48a60fa9934372471c5,Female,,,5/5/2020 23:09:11,lm09jub8i6vlw9xtbelm09juf4aet4pk
54d27734e742d0c2b328d7e9d7489d96,Female,37.0,,5/5/2020 23:10:10,max2wgrkvydjbbga2fomax2wknwnjda0
10757fcdc8a2a7c6d10ed8c1d8015128,Female,21.0,,5/5/2020 23:10:20,rqygf7kgi0qssplk3grqygf7kgdiqeb4
9587f4b4e9cc88027cfc05de3d9c9da6,Female,71.0,,5/5/2020 23:11:45,l4fwuvkc4pcwpgud78l4fwuvjakig9br
10757fcdc8a2a7c6d10ed8c1d8015128,Female,21.0,,5/5/2020 23:11:43,fwdv1ecnp5kkx75e9pu2fwdv1evof23u
9b9cf1eee5a5a1827247719fab5323e4,Female,25.0,,5/5/2020 23:12:36,zf8g2k457181hs4zf8g2kljwxmsj2qhg
58d410165c5392797d93c3230f6966f6,Female,69.0,,5/5/2020 23:17:03,hjdeio79xadwqrp6bp0hjdeiulpw02yn
a146ce94d33340b3c2f3e5fc8083e98b,Female,63.0,,5/5/2020 23:16:21,8i3e02k8shrjkotxs8i3kvi0fhq3fgoj
82ab89f4cce9cf78554c058c828123b8,Male,50.0,,5/5/2020 23:24:19,757zj2lsm83zlu3rad6757z03enm7kya
b9f08703cca669b45292d5f0cd9e5549,Female,70.0,,5/5/2020 23:25:05,o7nujbxhw69o9mxcn72thno7nujbxkj2
bc967f37010218056b68d94a855c1e8b,Female,48.0,,5/5/2020 23:27:00,3z2aj90zjp146mnu3z2a26vpzsma4dpd
01f155269919ba42302c9ce859842872,Female,46.0,,5/5/2020 23:28:39,fjab1khr9nsfsfjab7hmswzi23q3ayda
266fef22eff3e0646c6b80ac1e2b9620,Female,64.0,,5/5/2020 23:45:49,d5oeugu4dgtz55ue7x1d5oeuo1qnppje
926d7e5484907da040e2f55521bb08d0,Female,56.0,,5/5/2020 23:48:49,a3n7qiwp81z620wc8a3n7qia92qkfscv
926d7e5484907da040e2f55521bb08d0,Female,56.0,,5/5/2020 23:55:21,3dgr3fhhx4djosw33dgr3fr3f25rhlfd
f5eedec2f0672aaeda0998fea0105691,Female,52.0,,5/6/2020 0:28:40,4uxulzg6yhz7l5k6vkg4uxulzg29942b
8f42a2adf262f45e8375444afb617876,Female,33.0,,5/6/2020 0:29:14,siyj3ybcnnfog7l3qz8issiyj3ybol31
a2328b2f023950881ad4047be9cb8070,Female,44.0,,5/6/2020 0:39:13,7zppdocjqndj4ikvsl87zppd6hdp3n79
724f6c382fa521b0e81080391ad2a9c6,Female,43.0,,5/6/2020 0:53:42,lz1u7fi3l60edenwv0lz1u7f39dz7zam
367990ccdcb74ee83133ce4387dc55e9,Female,63.0,,5/6/2020 1:04:42,dwqfrotfrye67opiumdwqfrotvzpewcs
509a76943014c0206afea08b25674aea,Female,44.0,,5/6/2020 1:07:01,h79qzw09lwbwr1p2990h79qkrvy70s0k
4d6aef84c5b43ed946f9aab7904251a7,Female,50.0,,5/6/2020 1:06:53,cny9z0vbyufd6aucezyrcny9z0vm41al
235a82a88eaa7854a9dc221165fc82f5,Female,59.0,,5/6/2020 1:13:22,z89y98rn3k8oebnt0gz89y98rlt7f72m
2f56adfe4a70267ea294beee204b5619,Female,69.0,,5/6/2020 1:14:46,53rbxjz9cwls0nar453r994lmrvypzqk
5c06e3de24ad59f603a33f58c6b561f8,Female,42.0,,5/6/2020 1:16:51,0ygf7jbm4wfwkr77yy0yg30hjituyag2
879f72e656232d08ac6eacaad53869bb,Female,68.0,,5/6/2020 2:04:34,hl3vqn6jbpq6zc33gwhl300h4oe3yisz
0dbd98b2cead41181c953e9066f3d4d8,Female,70.0,,5/6/2020 2:07:32,7ol43qt80pqjelsak8e7ol43yhqbe9jk
d97e7719946a00ce0bcd2dfa9eaebd73,Female,48.0,,5/6/2020 2:21:25,21qk0z8cjvwn78v21qk0z5uxdvm41v3a
33635d5e0752c9d12573f53d7159ab7f,Female,40.0,,5/6/2020 2:25:22,1vidtdgtl398ynld631vi8t82zl5qoup
680f330da0224465c1816e3c8203c543,Female,64.0,,5/6/2020 2:28:42,p19ypylxsjt5xluyp19yzq187t54km7j
ead3af17536a7f72680811d252de1bcb,Female,40.0,,5/6/2020 2:32:12,stquq1axx4v62stquq1a2lzynuhaxogn
eaa5aa5ddb601777b461d01ce0be0078,Female,54.0,,5/6/2020 2:51:00,y0oh5fvobryeny0oh5fevpslins8t7ue
5e9e2a021037c33e2b06eab42d0dbd49,Female,50.0,,5/6/2020 3:06:32,vfx2dx86coxvk4nszo49obvfx2dx8y48
ebce56501991ae7e756512169489dcfd,Female,36.0,,5/6/2020 3:09:25,su799ssfee76w1jss9isu799sqn4uqyd
ebce56501991ae7e756512169489dcfd,Female,36.0,,5/6/2020 3:16:36,0v5k3z435whe8x6fsig0v5k3z43vu035
ebce56501991ae7e756512169489dcfd,Female,36.0,,5/6/2020 3:17:35,59tdkzmxl88kfenxj1d159tdkzmxli07
8dcb19e7024aa5ff090339e49e705498,Female,66.0,,5/6/2020 3:18:43,bm4zsl6k5bbp2ra2ibbm4zsk1jmpyugy
ebce56501991ae7e756512169489dcfd,Female,36.0,,5/6/2020 3:21:26,cihp3jqpsla1ydtcihp3fhhtfsaefa47
be9205773a11b68c0624f8c5d4cd255a,Female,57.0,,5/6/2020 3:36:18,4qkzh6bpi0adoogy95f4qkzh6bsbkn3r
99d80db24cb992ba5a6edaa0544333f0,Female,52.0,,5/6/2020 3:55:58,sigdyba1oagztrskkzsigduj0sleso1i
c4f593f111c6a7272d62997599455b20,Male,62.0,,5/6/2020 4:06:05,a83rcy71p8w48rih1sxyia83rci0o420
2a958a19c348febaf76670adca12f029,Female,42.0,,5/6/2020 4:06:09,lfgzubziv7p9wyfhb4lfgzu4y2yxtec3
90ae0cf3d77830d11a7d0641ba869903,Female,55.0,,5/6/2020 4:12:07,j4idfzyyr5c82fueaj4idf826o1rwytp
937f8e908e14e89d007e90de42e59ef5,Male,69.0,,5/6/2020 4:57:34,i199eopbypvuha22lra9ei199eopyh33
3036804a4de63d50f292a8f44c996cc4,Female,72.0,,5/6/2020 5:01:50,zihegx9rk40zi35nwkskszihegx1fetu
c2aef1edde7d06830777c4d5b1dd2f98,Female,67.0,,5/6/2020 5:34:41,hwcrapdmrwzc069xe11hwcr8ltlagyn1
b7e5487c6ec0a21e7dbe9e345492cfea,Male,48.0,,5/6/2020 5:39:28,ofa7v1irduz1fu1rofa7spf36fpabf4e
9d4b270a43d76afe96c692f6d215ba56,Female,75.0,,5/6/2020 6:19:28,vokkuncnsuxcgj174avokku53mv0lmyw
16484eb44cf66a0be05045c8caa7f873,Male,50.0,,5/6/2020 6:26:57,spokhsum21khs3b2spokhsucn5twdllo
4fe21d2138e769f30731e9bc15d3ee8f,Female,30.0,,5/6/2020 6:28:36,bfvj3croflezbfvj3act191ue4x28fun
2ccaa93418f7e630ad88d9b2f04a3536,Female,35.0,,5/6/2020 6:43:41,yd1yw8p8pzoq4vr244yd1iufbhgivft9
36dbdb903a6b8141d40b34abd82ce1a0,Female,75.0,,5/6/2020 6:59:52,zfjqwfzpeyt5sleb7b8zfjq2t9yw35h9
baccd4193e1b5437dae70cbf8b9de54a,Female,40.0,,5/6/2020 7:18:14,48tys4x4h0637uy48ty5poernlwpr0nr
37a03db479716583b96f20974cb15f88,Male,68.0,,5/6/2020 7:44:55,38u2aqndiohl3cs3cft20verj5xhi0ic
b56742cc05b0b2754792e11c05d87863,Male,38.0,,5/6/2020 7:46:26,pn4e4v04b4l9gagui55pn4e438klwvhy
df00b39507435282ee906f3aff7bda62,Female,61.0,,5/6/2020 8:32:56,85x8ugp6wf0vz5pskcfqw85x8ugpz4pb
249e300dbb0ad0fe1be2fee5d1a3eadd,Female,61.0,,5/6/2020 10:39:29,if5xabhgtc3zuif5xk2wcom3i5fyfllo
87bbdb9185d9f6c5d3c93b480bdff586,Female,27.0,,5/6/2020 10:39:27,u6m5bbragquc1iobv7u3u6m5bb4hj1sp
23f3bc45e78f129af06fe3304351c7aa,Female,47.0,,5/6/2020 10:45:26,cak8pp9pag9stlfcakrht6295okgh22x
ed2cb8d940db1f6213f6039ddab7b006,Male,57.0,,5/6/2020 10:58:12,ku81deefwa97okkugqa6ue88oumr91wz
9a378d058ed31fa2409d6e04b0e41928,Female,51.0,,5/6/2020 11:32:02,9g9cnqm5i74vfo57t59g9cnvmiworxy2
e1717cdfd42310af99319fa8e1861066,Female,74.0,,5/6/2020 11:55:14,7t0t1e2u61chg0b21ww6if7t0t1fjq1x
f97eb1e23b9a1b3c48dda910fde0d033,Female,,,5/6/2020 12:07:19,ccsd5u59g04ccsdj4yzeg6kdyzumlj4y
16de20dc9f5d80f41c91adb33c2bb4c7,Female,35.0,,5/6/2020 12:14:04,uapx5bi9vf1huc9cvuapx5bqsd598y1i
036a3bb5465fb9cc9f361458e4d2a18c,Female,59.0,,5/6/2020 12:21:21,4t4tktrmaslmyqlkb1bw4t4tkha2ial6
205022797d1405fc85e1521a8bac9731,Female,47.0,,5/6/2020 12:27:41,j4a9vaoa50u7tllfubuj4a9vko4ovwt6
664d24d9f4c01d6c5ac99d2330f13460,Female,,,5/6/2020 12:44:01,ec6gpxacrhnvycyebo6v7eaaopov9nrq
663e902682939a8f36f5a75647b7ce69,Female,56.0,,5/6/2020 13:05:18,78u2cysnsya6c478u22ib0ydkq33c2sq
0a139af26004a0028b5bfbae6caf241e,,,,5/6/2020 13:12:22,o2qh31m24l1j6kqvo2qlh407hz61y1s4
c5629e7bbd4a81525968af0b1e69abda,Female,66.0,,5/6/2020 13:18:49,pa46p1ykgjk6bsh1qb2pa7rdeckx3vhr
4a0e77c0d496878b9f6328077e43ddf4,Male,6.0,,5/6/2020 13:37:49,z2bdmscnp14xgwfz2bdmzzxd2mx90sxv
1c510e8824b811cd65b2d5b306ffba05,Female,35.0,CCBS Newsletter,5/6/2020 14:43:52,n90p1ualys069dzn901y1lgxfbkw4d1l
ce27690a21ca23dd5c348bc5988324a7,Female,63.0,CCBS Newsletter,5/6/2020 16:21:09,eqzfeaalv1lefmteqzluzzyfdwspk0p1
9636fa1b66ffe7cd47849befee49645c,Female,59.0,CCBS Newsletter,5/6/2020 17:35:38,6bne73qlxx80wtxh5m6bnp1wydm852ct
24c84b0b41a983231cf072ea2af82084,Female,11.0,CCBS Newsletter,5/6/2020 18:18:18,zsu0dppz2d4fxszsu0dyj112pc0vkqo6
fa3f9a2a0946ca43ff6e7e5daba9cb9f,Female,28.0,FaceBook,5/6/2020 18:50:10,kaca1v2txuzre3tbo9v5kaca1vnn22zo
70ccfd619b793fea6f8c1d1aac7c8249,Female,59.0,CCBS Newsletter,5/6/2020 18:54:57,xu47qmhrm373rknru3tjxu47qlxzeo94
ac6f73923c9d00542d28341ed39a13cc,Female,1.0,dodman,5/6/2020 19:44:37,jb5x9f0nzdnar8tgqvzojb5x9f09j1cd
79b69f528e68e41a88576c811e53d8d3,Female,31.0,CCBS Newsletter,5/6/2020 20:13:48,cv3zletj3788z7jxxcv3zle983u5dapc
b79c8e576e663304d769d57a4412489f,Male,10.0,CCBS Newsletter,5/6/2020 20:25:01,uqexo259fjzv21j3ruqexozrt3hrt5pn
b79c8e576e663304d769d57a4412489f,Male,62.0,CCBS Newsletter,5/6/2020 20:26:04,izl8hhlty2y5go806krzj9izl8h8iumf
35cf716a834d4f28e8b7b7846c12b491,Female,59.0,CCBS Newsletter,5/6/2020 21:06:38,2uyflng5ldl6m2uyflzehwm1b264brxg
b54a9aa0be30c9840f59f972fcea6c09,Female,64.0,CCBS Newsletter,5/6/2020 21:39:16,2avzuxiqgakkvfs65hg2avzzhgakgeac
1ba1b799c23c608e5bea41f357cc5e27,Female,53.0,CCBS Newsletter,5/7/2020 1:24:23,ad8sw9y40mg3oiad8s97i4hb0t0rqi8t
c85356f3296c91fd6943d4332f2c73f6,Female,30.0,CCBS Newsletter,5/7/2020 5:27:01,buxs9xel2urhfkse6buxs8uc1snqjpde
7c6323727df94f0c0644d1a97e36dfa2,Female,59.0,Friend,5/7/2020 11:09:14,ddehuxc4x6ce0jhxddehuj18sam98vbp
7b0b1a973ae5d58253e50d641d2dd11e,Female,52.0,,5/7/2020 13:54:55,tqqhvlt7lilmdesghrf6tqqhvljcm457
ad6e576248db52880cf3f24eb0919c3e,Female,58.0,Email,5/7/2020 14:45:00,j89o36b4m6bj18t1qsyj89o36nfrgvzg
70cd54d32a3101d4676da1d1cececa99,Female,31.0,Instagram,5/7/2020 15:20:39,r532e2gbgbudkeryd7r532ew8690yk14
7e1d9fdd68ac479b7562fe74a3871e25,Female,56.0,email,5/7/2020 15:26:47,c9wyimy4smqcn88ziv3jq84zc9wyimy4
3fc1df9bb7e61eb5a8084a5e1a247ed6,Female,10.0,FaceBook,5/7/2020 15:41:47,wy3kpltfjnkdjdcyw9vimsszwy3kpltf
6e249f0b23bb2cfab269d80cfd277ab0,Female,42.0,Instagram,5/7/2020 15:44:41,pegcw2nk1iec3xkwf2ef3dvpegcw2bmq
46de7f859965de8fb250fe50f3f5a568,Female,57.0,FaceBook,5/7/2020 15:51:50,ofbo7k8s43r4le87n8rkofbo7k8fldcc
6b083cb83b81d443017ab058f49936cc,Female,24.0,FaceBook,5/7/2020 15:56:31,emqbgw7k9xtzdvemqu9dhszigpwja3yk
01f09881fb038ee28ab0ef02aa80d87a,Female,29.0,CCBS Newsletter,5/7/2020 15:56:43,42lky7336lvb3br4zh4dwfkm42lky733
d6ae59b3af665cf852b53819fe7fbb24,Female,19.0,Instagram,5/7/2020 16:15:55,hct4fb5daisbomhqhctxym8hllrxutpm
b1d9db891fcf0f8191b06d0654b113e0,Female,29.0,Instagram,5/7/2020 16:47:43,dv63fum6x99fft13sgdv3c8m20smt401
e423abfc8172a8071eed71e5bb9330be,Female,31.0,Instagram,5/7/2020 16:53:58,d7u4mm6bszsb7mq9x0d7u4m1gtr36as8
e423abfc8172a8071eed71e5bb9330be,Female,31.0,Instagram,5/7/2020 16:55:22,9qqsgq5ulr38lfh9qqfxd5lgvcu0c3bh
5cc508242498445d9ca93d464c40a5d1,Female,,,5/7/2020 17:03:19,0omr7kahxnuv7d18g8if70omr79q8mig
65f13ddd125d291f4d2180f340fad527,Female,40.0,"CCBS Website, Instagram",5/7/2020 17:09:33,50bj1rmg6dcdrj50bj11z5jyzi4afw1z
3f1f5bc6aa8a0476c3b8a8bb2f9fe59c,Female,27.0,Instagram,5/7/2020 17:25:02,b8ru3e6jvh9t8jotiw3b8ru35pxq1i3o
0c13d4bb36d941cef1bbeedab82580c2,Female,31.0,Instagram,5/7/2020 17:43:35,m5h5oodrkv6pvmi5t2fzgs82m5h5oodr
ea6f8daffd34f10e65b4e9b76cb743d1,Female,61.0,Instagram,5/7/2020 17:47:25,lew39tzjixembxujlew39tzuxy3q8yyl
ea6f8daffd34f10e65b4e9b76cb743d1,Female,61.0,Instagram,5/7/2020 17:49:07,9xohm5g4mlcnmznrng9xohmwfdae94zi
4d1e6d42eadb807acdd5fea6588de07d,Female,28.0,Instagram,5/7/2020 18:15:00,qutfe0u3qix9w6oqutfe0km84b3pfknl
5e8cc0d30dc31d0230251277b48d089a,Female,32.0,Instagram,5/7/2020 18:46:19,yyrw92jl631shvuz4utiyyrw90qrqe4e
db806e9a62d86e18cca9a7cde6e376f5,Female,64.0,FaceBook,5/7/2020 18:50:53,anjdff2rtffc7vu3kl2lanjdfg890w97
db7f397c11e9856da1b7b6f3259d3e07,Male,73.0,,5/7/2020 18:53:46,u65nr7qbj4v3jctzgqu65nkgqajxzwz3
bb8ad9cda9d62e1127ea43d503f86279,Male,38.0,family word of mouth,5/7/2020 18:56:30,hqbzlu60d2m9gbrbowmhqbzgbwuaimm3
31e0c9089471d5eee8687f6cb3fbe2ff,Female,56.0,Instagram,5/7/2020 19:13:43,1bu0yyiz0qnvjnz78t11bu06zafs5c23
31e0c9089471d5eee8687f6cb3fbe2ff,Female,56.0,Instagram,5/7/2020 19:20:58,9rasgkdruosxua0uz9rlztt72owcdk45
e0a25363f55c10b1901ffc20b8a03602,Female,46.0,FaceBook,5/7/2020 20:09:33,voabqmg9aa3zvoabjrgzbfcmb3htufot
f31f16581c07231af320cce057bec748,Female,29.0,Instagram,5/7/2020 20:13:40,fnay7y6go0jlwczxsuxvfnay7gxlr1ie
67b217271df01a3737f806b94c0d8d9d,Female,38.0,Instagram,5/7/2020 21:32:05,2ic2r7uxzjbaiwf0mg2ic2aofpkf0y6j
97b6f9475751ed7eb445d24cab3aacaf,Female,78.0,CCBS Website,5/7/2020 21:36:13,41exwj1wv4em29cf1hre341exwj8w1uf
d5e2ecd15c88c7edc8535c83fb146395,Female,55.0,Instagram,5/7/2020 21:58:20,sc5elk6arcv326sc5elvcvrxu391qdkl
bb3cfcd2e48cb65c26ce42ae279d98b0,Female,23.0,Instagram,5/7/2020 22:21:32,04wikg631k6q0kn704wizj8qqbw0vrwh
c351398a6884ebb6c11cc50028471180,Female,11.0,CCBS Newsletter,5/7/2020 22:26:34,j1ni9ojioeh6emw4qkt2j1ni9oj71fy6
50908dd4dd57366732f733fc4c59b42a,Female,63.0,FaceBook,5/7/2020 22:56:57,kef57xu7nyk1j3bhrx8o1b0kef57xl54
b2fab11c197a8c9271d71bbe369e05e3,Female,59.0,CCBS Newsletter,5/7/2020 23:26:01,zhs713ud451r0mk7jtzhs713u5cyxlck
d6b342063d515839e9cd96dbc24742dc,Female,29.0,FaceBook,5/7/2020 23:43:43,6qwzyhm5xtwstqwji6qwzytciiu7t0lt
d4f1ad74fe7258a2995eb025ee35938b,Female,30.0,FaceBook,5/8/2020 0:27:15,lhuze154xo1cwg1w3lhukwz7wvn5flru
816d731b1c0cab181c7bb14678b4a1b7,Female,51.0,CCBS Newsletter,5/8/2020 0:35:52,m3tcnfvcp9kw8w1c8zm3tcwga1h4ba1i
062218ba10ced6981290209e650e2134,Female,36.0,Instagram,5/8/2020 1:30:11,bn0u1d400vpawih0vrcbn0acwdjqc4pq
c2381dd1c9ba2fae67ca786b6523feb3,Female,44.0,FaceBook,5/8/2020 1:40:38,2cveo1d3vnvey2cveoiltvwhw0j8gjah
b934e856976495bc0ef2ce899fa8dae1,Female,10.0,Instagram,5/8/2020 2:25:10,raclxyz9661kkcudbubj1raclxyujstf
830073b31ecedd0cdf286d8ce9951743,Female,50.0,FaceBook,5/8/2020 3:15:23,u9oqhtdcwqd2haglfueu9oqhhlxlss2n
d3e58aaf0e5b3acc4ee94ddbe6fec9aa,Female,45.0,FaceBook,5/8/2020 11:03:14,mm22i729rk3ewv1mm22i72t2oagl60qd
bddba0ae82923c0d84a858f2c10b9ab3,Female,47.0,FaceBook,5/8/2020 11:45:15,klota5xszxhe7lys3ceklota8l4c6y0w
ad277fe50c31be40d25de38819525489,Female,53.0,FaceBook,5/8/2020 11:52:53,hrourbcvieqnelm1drezrhrourbcufd3
ade118870d11410dda9fd93a37177726,Female,47.0,Instagram,5/8/2020 12:42:38,aovf37z6jarkzdcuisenaovf37q3rqyu
6e4047d7e5b229d306a72349afc649b2,Female,22.0,FaceBook,5/8/2020 12:45:31,txgtzz2bh040xvspco2utxg0mhn8nwuh
2d804b354b44b49f55104781045968b8,Female,17.0,Instagram,5/8/2020 13:13:38,52iaw2wph3148j74y4th252ijj0pnspd
82b173eaf60c0aea1a8a4f64af6ab25f,Male,56.0,FaceBook,5/8/2020 13:13:35,6zga2g816aw65ep6zg0zmk7osr5pvlhh
bae37d569570654bc3792ed13585b4d1,Male,49.0,FaceBook,5/8/2020 13:19:15,jxt1x9s1jxh6bck1fn3jxt1x9sembr08
f8ba6adf793f475de589a94635a11141,Female,70.0,FaceBook,5/8/2020 13:28:24,tdm86dp0o6sx2d3p1oi3tdm84uww77ta
146151dfb5eb7bb27c7317544e27bdee,Female,30.0,Instagram,5/8/2020 13:55:03,aa5h3lqhra48aa5qmox3irm0k9sy4gg9
e0e180a0a7bcb51a9a87db4580d9e905,Female,58.0,FaceBook,5/8/2020 15:52:37,p9729z2he6y9ljlltp9729z22xv97fl4
c957c9575bf89aaad33f314baa13a63e,Female,46.0,FaceBook,5/8/2020 16:00:48,9q5unhwaopc3l3c9q5n4qm5sdipd0ipw
43376ad6e58516dfbd3466505251daac,Female,34.0,FaceBook,5/8/2020 16:17:01,cj1iqgo83pqetd404vycj1i9ucf092a3
dc78b421629febe36baf29ff0f7493be,Female,2.0,Instagram,5/8/2020 21:13:58,8gxtjyh6zy5bj08b8gxtjy7a05h3q6cw
dc78b421629febe36baf29ff0f7493be,Female,35.0,"Instagram, FaceBook",5/8/2020 21:16:07,lnticamyw1pf60iws4tlnticavj9zdz4
b9f0240187b737feaf39f249b55606f2,Female,69.0,CCBS Website,5/8/2020 22:41:28,pttq64x5jbza9chtnboopttq64w9gsxm
e996b0e8d37df546e48f661ccc39232f,Female,24.0,Friend,5/9/2020 0:18:02,p02e1zvqd3gnop02eslt69eez1nedm8s
4f110a49b1d83d564d4559849c4f31fd,Female,53.0,FaceBook,5/9/2020 3:12:23,vmdf1xpnrktcqcc4d86vmdf1pi62lbnf
6a90e1a2f16d1ef77d1399e781268bee,Female,63.0,Instagram,5/9/2020 7:37:07,zk9mjust98stjwzwstkfvbb3zk9mjust
e3fb40730fadf37465051e8cd1f342c7,Female,35.0,FaceBook,5/9/2020 12:46:25,z5aa524lt291f1z5aa5zpbuhj6vodyz5
e3fb40730fadf37465051e8cd1f342c7,Female,35.0,FaceBook,5/9/2020 12:53:04,mgzdwcgi2yoxro6wq56suzmgzdwcl5ul
4d73c0587b3875ef924ce842d00f0cca,Female,32.0,"googled ""dog psychology centers""",5/9/2020 14:40:01,f0d6uabf4bv38qfr66f0dg2hq5tecivw
932009fb5ae16ad7cc6de5868e3d95e8,Female,,Instagram,5/9/2020 14:58:26,porm14ogx7p0porm1ueuw5my1lazcpcf
b2ebab2a896a0211b6a48f04134fd9e8,Female,43.0,CCBS Newsletter,5/9/2020 15:36:31,94i18xkoi3eaiggv4594i18x0q9xafda
b0f1e7c4939041dcd1b57486debaac8e,Male,30.0,CCBS Website,5/9/2020 17:58:47,9kj4qrl410kifr09pb9kj4qrl43lep2e
d9ded2b04c91b5238bcc5bdd081aaf2b,Female,20.0,Instagram,5/9/2020 20:44:20,73x65j00qsjtqxfx73x65jv6t7nyxgt5
7a5c7ae1beec1c51ef9dc36143e9644f,Female,41.0,CCBS Newsletter,5/9/2020 21:14:16,e34jau7twh8gobu8rt1e34jyua8yqjuu
6aceb600b80b26cdc2787def57679d6b,Female,41.0,FaceBook,5/9/2020 21:44:48,xwab75u6lfliqj6hyxwpah7dnb76z1ld
cd776dc384bfaf2361e1553834277a22,Female,27.0,FaceBook,5/9/2020 23:01:23,flnzqpklsqdmbxnpznkcuflnzqpkijrk
32948bfd5d5cceefaed71dc5f5260200,Female,26.0,FaceBook,5/10/2020 0:51:39,3x51c183k4h8yamcy3x51cmqtdf59bjd
9c9f452b74e6824e7b92bb22e46542a3,Female,27.0,Instagram,5/10/2020 0:57:30,0m7wdtupx4j4npvx6f0m7wdce2w0vwtp
0e0871fad4b130e9c5079c5ecd8ce032,Female,27.0,FaceBook,5/10/2020 1:01:41,cux8qw6l9jjjouskf375h20acux8qnh7
49ce6efc8245cfcbb26fd3b35570cc65,Female,28.0,FaceBook,5/10/2020 10:51:49,hme2vqepxdlbr8clzhme2vq8p5n661r9
e764cee473926fc9c83e74c76bbf43ed,Female,59.0,CCBS Website,5/10/2020 12:20:19,c4ma3fvw8qrzkky5c4madjcq7vcjrnl5
377861cf5d42411d95af997d7b1e8182,Female,26.0,CCBS Newsletter,5/10/2020 15:59:55,dehol3qeaixjcetbtr7odeholrxn0gx1
9fbd8c1440b21bb5b15088f225a18879,Female,38.0,FaceBook,5/10/2020 17:32:08,b4utlot34tyuzt76sb4utw6gfnj09sgc
ed4d65a162b4e8c11e93d32f9a223105,Male,52.0,FaceBook,5/10/2020 18:02:24,euzsvc82yh5tqs810himeuzsvcfnj5cg
15dde33523fdfb49ab9aa8841f431942,Female,50.0,FaceBook,5/10/2020 18:40:40,yz095fkj82q0e9cuyz097suh0d8ykl2f
bef272102999007393c36e91355f71fe,Female,34.0,Instagram,5/10/2020 21:43:37,rzb5twan2spu8m5cq4cirzb5tfp8o39i
ccbb7830b8f59fb6167e053694064abb,Female,61.0,FaceBook,5/10/2020 21:52:04,ifwi4nog4yo9gtjunbififwiniffyt0d
6fb18ed3051246607678aa69531712c1,Female,29.0,CCBS Newsletter,5/11/2020 1:22:57,zmpiuicqkszxxil4uzmpiui5hhiiuvnv
ed6270f2b97d7fd1294d4b7a942f14c5,Female,30.0,Google ,5/11/2020 18:32:00,38i9rhmsqv41w334b0tqeve4izzrrjv5
d5894aed0592917a6bce95217f64c362,Female,42.0,CCBS Newsletter,5/11/2020 20:04:30,ftcuhdztir5ewfcftcufrbr3bqfs6d15
621f2a5c0109a4d3d84f186497dc1adc,Female,,FaceBook,5/11/2020 21:03:35,1rhmu10td8i8mti9tps21rhmhq0ym4ee
6811bd9e82d7a76c5438bd07113b0327,Female,47.0,CCBS Website,5/11/2020 21:32:05,u0v7minj01hyc5mp22eu0v7min0acsdf
6811bd9e82d7a76c5438bd07113b0327,Female,47.0,CCBS Website,5/11/2020 21:36:07,ij3ocwa00dhueg4bg4zy6n78ij3ocwa0
4da60d3e1bfc4e19537c8d43ed68f481,Female,30.0,FaceBook,5/11/2020 21:41:19,mgnmqv2cbwneeimgnf82yf2k95lhtbs5
388f0948646f54b400b9c89798c71fb8,Female,24.0,CCBS Website,5/12/2020 14:15:20,92pbq5koar19f90a2q92pbq3kk5wqazc
388f0948646f54b400b9c89798c71fb8,,,CCBS Website,5/12/2020 14:18:03,d16uw649yeru7cdvn46ihd16uw641yr3
89479622578b5a694864959b2adb3904,Female,22.0,FaceBook,5/12/2020 16:51:29,8lkqp4ab3c1yngt31rv8l8lkqp4aa74m
9cac5fe1159ba8438ad179a9365fbb0f,Male,75.0,FaceBook,5/12/2020 17:32:31,9odgqu8suni5c9oy386vvrfky7d5jz4y
5a10ac3a2bc6836f999c17bd2aca7608,Female,46.0,FaceBook,5/12/2020 18:21:20,1ukukazte0qhz1ukuk9giif7gcib8749
b492547af210424c28eddad69beacbee,Female,56.0,FaceBook,5/12/2020 20:08:20,kq1pehgt6yk2d4s59nkq1pnjtzfcp28p
be61c8d9f4f8769a0d783144679ab5b8,Female,30.0,FaceBook,5/12/2020 20:29:21,b6c56714rta80pb6c56whch581nq4ddv
6008f0176a94a448ca37571512363b8b,Female,25.0,FaceBook,5/12/2020 21:17:17,nxejot0hkpu6fl4nxejotxj8bakbytdn
95d549668301da60d8a1f6eb7d1d1247,Female,24.0,FaceBook,5/12/2020 21:40:00,e68sn6cw5n7ae8i3gh8e68sn6j1ty7qz
0bca6ce7675df2839d3f74f15b462845,Female,59.0,FaceBook,5/12/2020 21:45:29,fve1bhvijuo2tfve1dm4ucr4xqja9mh1
b396f51efbccd6d6bf3b6a5ed77a5b61,Female,43.0,FaceBook,5/13/2020 1:40:00,47zlyjg0yqf87ak747zr21osjw81i9le
b396f51efbccd6d6bf3b6a5ed77a5b61,Female,43.0,FaceBook,5/13/2020 1:41:09,w5d7whcoeiv1hmd4f0w5d7wak1g2usq8
6a774c7abaf852bdc01fca7b55e9fba5,Female,49.0,FaceBook,5/13/2020 2:11:43,hwa2ue4j92er6ajk6vtohwakypq8efx5
ea53a1aa20c59273ca2590ee5c7b4063,Male,16.0,FaceBook,5/13/2020 3:38:02,2s4hzyo6ou7usu2s4h5mpkwovrbku88z
1e09cfef51fc2ceedef7fd68e96c9f5c,Male,,FaceBook,5/13/2020 15:49:52,ab2hkezffoj1izxab2hljsi0bklpp2x8
8b210d53d068eb71ba61dae479add30e,Female,47.0,Instagram,5/13/2020 19:35:28,yw5mgpatieduqpespyw5txnysmajb4yz
e1babd29f55f64d87d746213bb6af1b3,Female,39.0,Instagram,5/13/2020 19:46:04,aks98ivwqe2sxgg0y2uzps4aks9812os
135dfb50dd50e06f443f95a906836ba6,Female,48.0,Instagram,5/13/2020 20:14:08,ociu1tz2bkvgl3smanzqxbqociu1tfcl
3a7204d976629c398c8cc77bc4cbbf32,Female,28.0,Instagram,5/13/2020 20:27:34,xz5ni1zcgyw0g25rxe6jxz5ni1yecc0m
44597160a1d66aa31a139e5eec47ec54,Female,26.0,Instagram,5/13/2020 20:40:29,j4b4g9u4se40dkcqq5ju0aj4b4g9yf0c
1cc0f2c822a694785beafabbcded4f37,Female,23.0,Instagram,5/13/2020 21:54:06,y0hxleryw36tccud2y0hxllordn7g0u6
e41da5df39c3d6dc87f95d24aa7ff61b,Female,27.0,Instagram,5/13/2020 21:54:45,zpnup9q6t60a1nk5qrykc7zpnup9b9n6
3d956040baf2f8089a0df449340bde5b,Female,29.0,Instagram,5/13/2020 22:15:33,zcqc3z4cay4bryfihzcqcynh493ju8ga
d7809cd68fe31ea24e678d2d39579475,Female,21.0,Instagram,5/13/2020 23:15:39,zjemorih0s8pc9d8qrl1zjemor4ozmt1
26226af07e4e15d10f2e75f17f9c0b4b,Male,12.0,Instagram,5/13/2020 23:15:48,2d4zv1g6snb8773ug2d4zvirgvy0gwej
42e1e738875b6d6167136e7bb347f1c6,Female,62.0,Instagram,5/13/2020 23:36:28,6uhomyv6fegj77z06uhonvvxe4e8tve5
42e1e738875b6d6167136e7bb347f1c6,Male,62.0,Instagram,5/13/2020 23:39:23,3hxgj6xdkychmoiluri3hxgjqoz4p6aa
a17c018c6abda50eeb3fba10fdb0a73e,Male,,i found it,5/13/2020 23:40:54,0k0lpaf8hiy32bir0ktnir39vq2d1vb5
a400eb98bafcd4c6ff8b162677e1c9d3,Female,34.0,Linked In,5/14/2020 1:33:22,hjdlsw3h4qi8s5z26fbhjdlswtqgogil
effda02d69116de5b3b72fd30c5bcd63,Female,30.0,Instagram,5/14/2020 3:29:01,lz7czuvq5t2n6a4qk0lz7czkssqpu679
6822ebadf71fae6e210aa839ef7876c0,Female,,Instagram,5/14/2020 7:15:50,i91modychprsqwyfbfi91mob2dtqzdf9
c113658211c10bf0bf42fdfcdac203bd,Female,43.0,"FaceBook, Instagram",5/14/2020 7:18:19,e5dbiiiv6l2twyye5dbl61acbuvn13if
975c1bea9a2904c9939e3f9547ec20b9,Female,55.0,Linked In,5/14/2020 13:51:05,bq9lar8vort09qg472cbq9lay8vq5fah
7e4e343ccf9dc58eddc115a5c832733d,Female,36.0,FaceBook,5/14/2020 15:31:44,3rarbjfmnygl1o3rarbyh8a3n5ecrgvc
282931dafdb2ec75982d680fb93fa45e,Female,60.0,CCBS Newsletter,5/14/2020 15:36:24,499pts4dkwmae6ux499ptbfik9vcugw5
61ec85383dfabb8a824d26a00c9e3d73,Female,35.0,Linked In,5/14/2020 16:07:36,raxr0uj09mc9vwntwraxr095odbb5vih
c671166041715fae7e970db2dc6b1bc8,Female,62.0,Linked In,5/14/2020 17:30:58,rlmc5ih08b660ij2pcwrlmc5ibq3w7pe
42e1e738875b6d6167136e7bb347f1c6,Female,62.0,"CCBS Website, Instagram",5/14/2020 17:57:18,3voee92z2eug5raou5dm3voee92zt5o4
3ace87230edda280d036128d61fd5fd2,Female,,Instagram,5/15/2020 5:27:49,gt3f5y6d84hzroyz1neid4gt3f5yv9tn
b698ba3e84f3572c3b55d7a940307c21,Female,67.0,CCBS Newsletter,5/15/2020 16:56:45,kov31xj8yimp5rry3z4fqkov31xo6plm
fcab8ce1904d6307e8cc8f1f07d917c3,Female,63.0,CCBS Newsletter,5/15/2020 16:57:05,yi47hny8hva44e1w0wpyi4nbml5arcxm
f52712f5811767c664a110ebf8125ff9,Male,70.0,FaceBook,5/15/2020 16:57:12,6fgmixo9b5iiwr1y6fgmq7mx3077e62m
452b26bba5db04c5a523dae6021f2678,Female,66.0,CCBS Newsletter,5/15/2020 16:57:15,1bjy7a3a0r7mf4w9oo3mt1bjy7ntnuo5
c0ba2e5b0f122df2c519351eb9d2636d,Female,66.0,Email,5/15/2020 16:57:46,h1o7ppzehnsv0y0zh1oopbbu4qx6y5tm
30f24317ad30eb964fd7d4c0b9053a5f,Female,,CCBS Newsletter,5/15/2020 16:57:45,pf50pkpbb2mqph4csxpf503t1fd73bn2
8dccf8ba14b475c5e8e86b9afe44d90b,Female,35.0,CCBS Newsletter,5/15/2020 16:57:48,oc4iraqg4ldsrt89qdv9oc4idmldh7e4
de95830523d38ad98317b95af152c974,Female,72.0,CCBS Website,5/15/2020 16:58:10,h8jtlv9gvyz1ywrzyh8jjp4s15e0cuph
b36fa3d2ed995a190cdce6fe1cb4c102,Female,45.0,CCBS Newsletter,5/15/2020 16:58:20,5zmjre5d0ejuyo8fwf5wj3e5zmjreil6
1817714baf0165ad6f41209678568521,Female,14.0,CCBS Newsletter,5/15/2020 16:58:20,xp11igbx9hb46ityrxpahqpx9b80amz2
28d335c4b9b2a0624ceba9e0b881ab4b,Female,43.0,CCBS Newsletter,5/15/2020 16:58:34,rduoaknwj4etrawwl3c2qrduoaknxhiu
71297466aa88abc7c7bb28c9bf2292d5,Female,17.0,CCBS Website,5/15/2020 16:58:24,1y2mrclo01axm5p5h81y2mrqxxedoiks
8dccf8ba14b475c5e8e86b9afe44d90b,Female,35.0,CCBS Newsletter,5/15/2020 16:58:52,hf4r5kdx9re98q2hf4r5341plku5nhlq
ec4a08f59d3aebb9eb5089265150e06d,Female,50.0,CCBS Website,5/15/2020 16:59:49,mhdih3b806bwrwmh2kl6x45yxx4q2ta7
8fd8884f08feb4b100d770a13a533195,Female,71.0,Email,5/15/2020 17:00:50,s74efmbhdh619a4hv4fs74efmbz12y8i
6a19ab0ecb9ad292cdf4ecb051757833,Female,45.0,CCBS Newsletter,5/15/2020 16:59:54,1rm2glu054qa130ajy11rm2jtn3qu9gg
3afe6bfd50a72bdd02eebfcbdc710645,Female,60.0,Email,5/15/2020 17:00:28,tbt6s1pyfoo27piv81tatbt6s1p5prn8
f2f98c84625ac18739e0ab23e241bb07,Female,68.0,,5/15/2020 17:00:58,czwpk6qm912pccjkrczwrsiehg8452on
e868d9170e83c46ea09be0d691df1292,Female,58.0,CCBS Newsletter,5/15/2020 17:00:34,n9inef8rbwjqsyncj8g3zn9inef8lknw
8e19cdc61a05220158210716a0407e73,Female,,CCBS Newsletter,5/15/2020 17:00:49,kwc1p4remcsfvukwznmczws1jsqhv11t
c055f95ce0e7445378871055c0522291,Female,39.0,CBA Online behavior group,5/15/2020 17:01:31,f173f977fn452puflraiex5oftf173f9
585fb176207bf406521657a205455563,Female,8.0,CCBS Newsletter,5/15/2020 17:00:58,bziwr3bukjqnpw8bziwrsxoh7jl6h7ep
b8abfa6204e46bf0dc181daaa65899db,Female,54.0,"Search for studie, making a thesis",5/15/2020 17:01:35,x3dmp7bbsau6ocn3bex3dmp7bbb2pg3c
1cd39f031b15f6d7d5ceb101c2255787,Female,67.0,CCBS Website,5/15/2020 17:02:13,4axnyi6b5jwbivzwi0pjt4axnyi6t5iv
540d6fda34efabfcd168a44170a7121e,Female,61.0,CCBS Newsletter,5/15/2020 17:01:00,v0qx5ilxq7o3eiwo3zw2v0qx5ijindxe
311e9098bf4d07c088cbe567b421e180,Male,12.0,CCBS Website,5/15/2020 17:02:32,j65glveantu3wp1akaj65glvwh6gxyjg
78012635b90d1b8acb1e7d01a153e274,Female,67.0,FaceBook,5/15/2020 17:02:40,b7x72muq4vgsq9fkqab7x72uvqdxia7l
b8abfa6204e46bf0dc181daaa65899db,Female,54.0,Studie,5/15/2020 17:02:41,0t29ji3xctfhk2ehn70t29ji3ix40ymv
0e671b813e12d37ef8f046e0707c4587,,57.0,CCBS Newsletter,5/15/2020 17:04:02,wr5ev78ycyxb7x6iwr5ev45jbll5n0xy
fc8c9b0ec0cc33176b25da8bdd779d95,Female,70.0,ccbs email,5/15/2020 17:04:11,x70ts8ozg4cnkn047qgxx70ts8cv7svb
1b7314dd757b24d52891b00e79322374,Female,36.0,CCBS Newsletter,5/15/2020 17:04:05,k43dpiyzzvn4ecy2cw3hk43dpite838i
8fd8884f08feb4b100d770a13a533195,Female,71.0,CCBS Newsletter,5/15/2020 17:04:21,rkckmatwnir8h2y258kkszrkckmadv8b
a389ed6bc732733bf7c5b28c4d265041,Female,28.0,CCBS Newsletter,5/15/2020 17:04:22,ffqb77m8eq1fulbzhjax7pffqb77cu83
576d753018bb9b6811d7a4559148cf98,Female,54.0,email,5/15/2020 17:05:21,r10e7kzo6gdrodlr103gafnyx40bulrc
cda4a3f11b516f6923b5a6710f0e8eee,Female,59.0,CCBS Newsletter,5/15/2020 17:06:23,etob1x4r699eto5hs81ezvl8w9s388rt
164fa9849df911239e63772145eb74b4,Female,72.0,CCBS Newsletter,5/15/2020 17:07:11,8ouslbi2lgjl26u8ousl33kcljnz3h3v
a81fbb71968c621a641752aa8989ad1e,Female,66.0,FaceBook,5/15/2020 17:07:29,7cgahjbzke84hifo7ayk8v7cgahj53wm
6a51cbdb9cbdea498dbed6aa77f96ad2,Female,37.0,CCBS Newsletter,5/15/2020 17:07:55,dzcm6t5j14fdzc77nxfz6z6knhpk0n9q
65507365d81c421a7b724e42a1f7b01b,Female,38.0,CCBS Newsletter,5/15/2020 17:08:20,fkc9vwfz6ih8ccfkc9volcudidttg4ek
663e902682939a8f36f5a75647b7ce69,Female,56.0,CCBS Newsletter,5/15/2020 17:09:21,tsmsnsdq1z7s9gemvtjdtsmsnsdc1qhi
7c08e2fadfe9659edfd79e3617fd9ead,Female,36.0,CCBS Newsletter,5/15/2020 17:10:09,ytmagqm84wodnxsytma0uq19mp1rgt0m
bb280d25ec0235dd5481e23f162d8bcb,Female,77.0,CCBS Website,5/15/2020 17:10:58,dg7558er0nytedgw8cp659y8jiacu3w8
0ca0e46ff442269a449e23b7e3422ec7,Female,12.0,CCBS Newsletter,5/15/2020 17:10:38,3m2uw7kx9np2ll03m2uedi1c6f5saitz
e433eb53c23affcc3e4e2256fd59ba87,Female,32.0,CCBS Newsletter,5/15/2020 17:11:15,kgtcnncmswcovcuekgl42kgtcn42tso9
d9064a0e3fb6de8add3a6a1694386d23,Female,30.0,CCBS Newsletter,5/15/2020 17:11:31,ioiv77o3rsjmtxo0sdg7wp2ioiv77opk
f2dbd27257fb4cf12444dab016765223,Female,73.0,FaceBook,5/15/2020 17:13:28,0glbm8btpr0pj28v0glbmj6hfeq26i4x
335205862e9eb1354940bd9f53aebcd8,Female,38.0,CCBS Newsletter,5/15/2020 17:13:12,on7ewyeybdhkcpzbxzon7eyuko7l988z
31b0193a7380c97d5fb1823211abc78b,Female,40.0,CCBS Newsletter,5/15/2020 17:13:26,r5k7voo8ya5copvv3r5k7vowlr3vhs7z
5a0aafa77398cb121a072af38809d319,Female,34.0,CCBS Newsletter,5/15/2020 17:13:51,x9871va8cjadmorx98ws5kdnwo90210y
e3bc933416105156ee05709fceb2af9a,Female,62.0,CCBS Newsletter,5/15/2020 17:14:42,zhmaiqhvegkbzq2grwj6a9ngrfk7t2q2
0c85ab9c6e97fd52f0e8f8e2b60e6e46,Female,43.0,FaceBook,5/15/2020 17:15:07,qdcd7jz6x7h0qdcd7f4u8wylrdbaqs4q
05d4f0fcfecb6bba7dd9b185f9c74a45,Female,24.0,Email ,5/15/2020 17:16:13,1eitj1dhucvgqw1eit6inkppwhpfpm1q
3306c6a9340a42d4187d8c89add7417e,Female,67.0,FaceBook,5/15/2020 17:16:45,5gsoy5m3m4py86i9mprm5gsoy5ar6bkl
f1c8056ebf9bf0a9e4894cedabec83c6,Female,34.0,CCBS Newsletter,5/15/2020 17:17:32,c7i3qokbuowhkxidoyk5c7i3qvjhp9dd
a3cdf8b4461d11bb4961f2c2338f66a3,Female,52.0,Labrador Retrievers Rescue Scotland,5/15/2020 17:18:12,4nyxw30vhu9poiww4nyjgndl0p92kuwq
cc45d41f9f4b9d943d9fa50b80c2159a,Female,45.0,CCBS Newsletter,5/15/2020 17:19:05,pi65ztuylfcieyil0077pi65ztulz1m1
b23bff1ef7cb83ee637d8759ab50ab3e,Female,73.0,CCBS Newsletter,5/15/2020 17:19:50,k9wjx4qx16mgsxipq77rh4bk9wjx4qx6
dbdeaafef3f798182b8f1e22da805e53,Female,38.0,CCBS Newsletter,5/15/2020 17:19:50,2lhfm12sxu9nvnvqv2lhfm12cdvie48s
cb8dc7b848afedc28c34cfe59cab8a2d,Female,62.0,"Instagram, CCBS Newsletter",5/15/2020 17:20:12,o1bnqugxupb4xxo1bnq6w0n9rq3lwpyk
4c3b13701320eb20031d7ec5bb070143,Male,47.0,CCBS Website,5/15/2020 17:21:47,lf4x4ts6n65vk41qkogalf4x4tywagnb
1a0a15e4b98dfe1d7753a6922e53f920,Male,62.0,"CCBS Website, CCBS Newsletter",5/15/2020 17:22:39,3e8wlftgkrby5zzfvi3e8w2lfg8a6e4s
cd4c203a4864b575e11eb164de943a50,Female,31.0,CCBS Newsletter,5/15/2020 17:22:20,5nhiptvgf9r90x2qj66h5p5nhipqj9gw
b326cfa9386a6c3193c3582d22530480,Female,62.0,Email,5/15/2020 17:23:42,5jkzz0mpq8wyag1a5jkzz4xjtvzaybzi
88ae1299e068c7883a779fb5337167cb,Female,,,5/15/2020 17:25:09,1wsnfm1qsrehfyqwjmx71wsnfm9ttsfp
89a1cc69fc12ef960b2fccc70da6f052,Male,77.0,CCBS Newsletter,5/15/2020 17:24:32,nn9vm0csjwarcevnn9v4wlsdui3j2by3
8660fa9c1ea4c9ed74355b31f01a7c7f,Female,44.0,CCBS Newsletter,5/15/2020 17:25:37,9ucfzzp075d39q84k659ucfzz85pslvt
89a1cc69fc12ef960b2fccc70da6f052,Female,77.0,CCBS Newsletter,5/15/2020 17:25:22,q8eobsmkf7r30q4iq8eobwsdzk924zna
c6e3c98aea9b3158b7ee68b6b0c3c068,Female,47.0,email,5/15/2020 17:26:36,5eengn2lnjy7cova7bos6x5eengngf7e
f002739b37e7ce4d840fe8cf2ae0ef4e,Female,63.0,Friend,5/15/2020 17:27:24,vg9bpwrf4klgqvg9bpgx6z7nbuqirg9p
8dcbdba135e60798702f682bf29ac1b4,Female,43.0,CCBS Newsletter,5/15/2020 17:26:48,g9gou2rh1gfbnnuzud9kwg9gou2m6g71
7c54eca0883227490010f00ae1338a9e,Female,50.0,CCBS Newsletter,5/15/2020 17:27:01,8rfrahg34knaykitt1y8rfrahgga69b0
0d5163795c1a72066c16b607010c369b,Female,,CCBS Newsletter,5/15/2020 17:27:15,o7rmrm8sqeww9vxek3o7rmtr7nxqaseh
80a251a0adc4cc273938d7b6cbfd6c1b,Female,43.0,CCBS Newsletter,5/15/2020 17:27:44,stpr2epybnesemp8rstpr2c7chr094s8
6811bd9e82d7a76c5438bd07113b0327,Female,47.0,Linked In,5/15/2020 17:30:04,g4l7218vnqb3o50i6g4l72kr6qnnswtq
1844662f8821ad356d2de80bd37b436f,Female,42.0,CCBS Newsletter,5/15/2020 17:29:19,7chfjvgnvdipzse9wb7chf4benx8frxx
3acbaa56082aaab8ebaafa67bb6ecb05,Female,43.0,FaceBook,5/15/2020 17:30:14,lbgvr3ym4mv3xaqc3lbgvr8zrsqvsiwr
d4e1d360f6c0f404032fbd01dfbf05b8,,75.0,CCBS Newsletter,5/15/2020 17:30:34,su4i9dnq5czjwlmv0fksu4ito3nlq0c5
374eb12c5f5970e949ab490ffcd211d4,Female,69.0,CCBS Newsletter,5/15/2020 17:31:12,7dadcrcgfb5aqbayvoyu7dadci2vnrsa
d3a6b7ee6f42814bd6dcb16556e8355e,Female,64.0,CCBS Newsletter,5/15/2020 17:32:05,ytd0ww1arqsbukhiqn10ytd0wws69vr0
02093f7a704d1d81a701e841681c0cac,Female,61.0,Internet,5/15/2020 17:34:34,lssi8isl29uo79y4rq1c97542plssi8i
ed606aab0977ebc8b53f1ea43c4583eb,Male,71.0,"FaceBook, CCBS Newsletter, CCBS Website",5/15/2020 17:35:09,3q94qngsyzt1ggtw43q94shqqt4jjxme
35cbdb7c7d414de9159eabfecc7416aa,Male,2.0,CCBS Website,5/15/2020 17:35:56,iovaxoxu8mu6yznyd9niovax65k2zgsk
2cd1f1698be5fe3379cbc99a23490c6b,Female,62.0,CCBS Newsletter,5/15/2020 17:36:58,lqjkbwdgq8sytl60w3lqjkbw2lp6nbv8
6ed7221ec28b4f32bcd509bf6ccebabc,Female,47.0,CCBS Newsletter,5/15/2020 17:37:03,3sqnj034fpkifiqnhk3sqnj0ewzhyo75
940dd9603fe9f8652a23634f8a8b3c8d,Female,68.0,I know Chris Janelli,5/15/2020 17:37:38,liwnqfubi09j6kd6tflliwn3nii6x0ty
1db158d5d4ac76dda24b9111009fd206,Female,37.0,CCBS Newsletter,5/15/2020 17:37:47,u0shfn605o8pcegc81xmu0shfn6bwfa5
f97be41b32e3caf5bd0f3b865cad408d,Male,,CCBS Newsletter,5/15/2020 17:39:10,sre1qtlywab66yejzjs7ju8slw9888sm
61bdb6695d14d2dbf07feb845c914045,Female,73.0,dog publication,5/15/2020 17:39:39,umvabllvlzos66nwz641htumvab9r1za
78bcb3147c6906931ecff5fb1974c39c,Female,33.0,CCBS Website,5/15/2020 17:40:24,evuk37vi9nzg41mpqevuko5apb3fo91m
56c218ad6f47b35e50b161de644aaa85,Female,72.0,,5/15/2020 17:41:41,uxzfdoddohn8mc1uuxzfdqf42y5hcr3a
21788fdd7e675a2f3b852e7713182e37,Female,58.0,FaceBook,5/15/2020 17:41:38,r9nwoyduawmv6fi6o136s1r9nwonp8g4
c9adce3febf1320c2ea2af19a372bad7,Female,66.0,CCBS Website,5/15/2020 17:44:37,ozm90c5t9l8cpqhhozm90fxbwl08rxpi
23210dbda6be6c9bc39da47ed5e0716e,Female,56.0,CCBS Newsletter,5/15/2020 17:45:27,lczobwk0brq46jxp9dxchlczobv3ntg8
efc837ab73384cb914b8e6283f77f88a,Female,,CCBS Newsletter,5/15/2020 17:45:12,p65q7v3f03cfa8cifiq8u4uqp65q7v37
96643b935760b7910dd34812e7368d23,Female,72.0,CCBS Newsletter,5/15/2020 17:46:13,1nn5tyly9nj0dlaegms1nn5tysseyy7h
782c65e15ac7a3ed2207b13d06f1401e,Female,63.0,,5/15/2020 17:46:08,gd2gztdoemw5ezm4cpgd2gz0o015af5o
8fd8884f08feb4b100d770a13a533195,Female,71.0,CCBS Newsletter,5/15/2020 17:47:06,w448lrcm4p6q15uu1w448lv223o2va3h
a611565531e093e9bab2b75377bac1fe,Female,50.0,CCBS Newsletter,5/15/2020 17:47:22,byt9invygl8b4znta0rg2byt9i2qhlvv
b140816f65381c91faee8e2bdaba0e8b,Female,72.0,CCBS Newsletter,5/15/2020 17:49:16,l4uw17ztscnipvl4uw1d170l3cka4i42
0382f8065e8f4009b7509e9a39e9a12d,Female,49.0,CCBS Newsletter,5/15/2020 17:49:14,kxnx0af7svjck9rnkxnxz6tkvki4dzuv
1f1a8045c4a170513f9473a7dad9ca19,Female,71.0,CCBS Newsletter,5/15/2020 17:49:38,pl0d4wvvq2dbzi8pl0d1ltz8afcwkxvl
4dca066db612599e7f7d48135cdcd0c3,Female,29.0,Email,5/15/2020 17:50:28,cfk6yjj32exkmj75cfk6yj3fplz4qpdm
b140816f65381c91faee8e2bdaba0e8b,Male,72.0,CCBS Newsletter,5/15/2020 17:51:53,288lda2iu5nnhko81288lvbd2s8cs0m0
967acec780cc259e7bebf79fa912ab91,Female,49.0,you emailed me,5/15/2020 17:52:02,r8d5nn6dgb4zwfpqwczudr8d5nnng8kp
78a5ec499489ead494ac3ecce2eb399a,Female,58.0,Email,5/15/2020 17:52:43,yqs0xhl1ws4jku9pg9vkyqs0xhcail1r
ae4a03d982e74ede21342e3bb9780289,Female,55.0,CCBS Newsletter,5/15/2020 17:52:18,7z0q8qkwq6a3fvlhzim77z0q8qp1ifp9
5a5d73df460991c9ad67af6c813046d6,Female,57.0,CCBS Newsletter,5/15/2020 17:52:35,k3okt9guv9iyurx9bz9k3okt9gyqu38c
334d0cbbd7e221b99b8aea0150379c86,Female,56.0,CCBS Newsletter,5/15/2020 17:54:41,nil7lgyflk5e2bzdptcnil7l85w46nvj
e12788855d83251f450f0c0178ed4434,Female,44.0,CCBS Newsletter,5/15/2020 17:56:43,fioszp8qvihyfa6nfioszpynzhoms81f
7ca2fea6004f7b14639073cce3618453,Female,46.0,CCBS Newsletter,5/15/2020 17:56:47,1oflyeqi0s12qp45g1oflyxythne422u
eeba387a01a91635c5ac0be1e1eeba72,Female,71.0,CCBS Newsletter,5/15/2020 17:58:48,rwkmmjg2uq3qk6t339irwkmmytkqme3g
6419cbeec72d5bd49625a19a9dc55c56,Female,62.0,E mail,5/15/2020 18:00:11,7ehhptoooegmc74l4c6h7ehhpvo03by4
34bf83c19a21b9e487c75068f68ef585,Female,62.0,CCBS Website,5/15/2020 18:01:02,cyn3ylqkmjtfi7r35cyn3yff9b571icp
7ca2fea6004f7b14639073cce3618453,Female,46.0,CCBS Newsletter,5/15/2020 18:01:16,fwp3wosruh9vaelufwp3wh2ko8i6odn9
cf16d2587023dd50f965c533dd88655d,Female,65.0,CCBS Newsletter,5/15/2020 18:02:07,0gjmoqoqt4f9ao1z0gjmoqyuxz9og4bb
544a964edf797c72f913a3ebd45814b9,Female,69.0,CCBS Newsletter,5/15/2020 18:02:57,206vnfw08jzx2ij7206gk4vpgddx5fk4
d7478b67281e331dec0b0c0ba08e1796,Female,61.0,Donâ€™t remember,5/15/2020 18:02:58,zm7c6dh19w3rxyzjczm7c6dh7cn33r8u
eab5073d656b586ba20a47ee9af01601,Female,32.0,CCBS Newsletter,5/15/2020 18:02:43,df4b5yjhbvsmy7v6z6ay432gdf4bvuwj
8947d705eff4395f9915215f07da5ff0,Female,70.0,so long ago I don't recall,5/15/2020 18:04:13,b7h5l9rx1vdqu03nb7h5l9kmdsp43a89
75d0ac1234805817cb5659ac720c8fe3,Female,62.0,CCBS Newsletter,5/15/2020 18:04:21,nuaup5jvxzbmnv25pynnuaup5jqjsj1q
bf34bc9844014b8e3fbe5f13588cb792,Female,48.0,CCBS Newsletter,5/15/2020 18:04:10,hs54izmgmhwguiz2nzc3hs54m90eu7fj
8702af2336c611f6e96b6f58e94b8874,Female,55.0,CCBS Newsletter,5/15/2020 18:04:36,9dc8r1b3np76lun2bgdqrl9dc8r1hs3g
dcdd65a5e6a1232f35aae85533e5c52c,Female,48.0,CCBS Newsletter,5/15/2020 18:05:32,eakwklorpix70y6eakwkch6aoxjqdgip
b442d6c8c1b0ad5714f0c67f32c50db3,Female,46.0,CCBS Newsletter,5/15/2020 18:07:47,d6uujtx1lujoasake2txd6uujtx7kjuj
33df75bc26709b30eca9278ec49110ba,Female,52.0,CCBS Newsletter,5/15/2020 18:08:24,yvepjad3bljlg3wyvepj2vw4h8gv22id
94ae03db09637c74d00fd43830180fb5,Female,53.0,CCBS Newsletter,5/15/2020 18:08:40,dv9pjzp1pgu7tqwip4o1dv9pj691k32j
6d2a1622a812434dfa9ed7fa67985628,Female,65.0,CCBS Newsletter,5/15/2020 18:10:20,1r9igwwx0n9cw3nvs1r9i3vtz30b1006
dcdd65a5e6a1232f35aae85533e5c52c,Female,48.0,CCBS Newsletter,5/15/2020 18:10:44,mcf56govzugcvxwcov3mcf56goyd4f21
b442d6c8c1b0ad5714f0c67f32c50db3,Female,46.0,CCBS Newsletter,5/15/2020 18:11:42,sp13u2sc7o64aw42sp13u2s59rf4lmq2
8b9ae7e6742417636601960e5618ddfd,Female,4.0,CCBS Newsletter,5/15/2020 18:12:29,5f73cv7o1yje2u0oj5f73cv4m44e3xmp
1cf4382a8c1655bb7a6dc09933602f21,Female,31.0,CCBS Newsletter,5/15/2020 18:12:49,a5j2b6hxr11bpkqpyzncea5j2b6sztjy
412ac45524d493215c51731b377f87df,Female,67.0,email,5/15/2020 18:13:49,unbkzwlwi3zhmn94unbkzx6ibvhcppax
266fef22eff3e0646c6b80ac1e2b9620,Female,,CCBS Newsletter,5/15/2020 18:13:43,nn0xobc0x01p2uq2knn0xr30xtp7ab3b
50b9fff6cacc3080f1adee23989945a5,Female,52.0,CCBS Newsletter,5/15/2020 18:14:16,wssa7505svrwuexi2wssy00ve4y7zsmh
efbf336f3bd3f33966a88f9ccf18b156,Female,75.0,email,5/15/2020 18:15:20,aavmylnexg455acduvaavmyln8v63cr7
429ed2479a7630d6ca2639f4b9d8df58,Female,29.0,Friend,5/15/2020 18:15:32,33m6o72laji1533muxhycciuzilxxqux
9c6b769ef0b2439a9b1684cbadbad634,Female,61.0,CCBS Newsletter,5/15/2020 18:16:25,pxc5m3xqx1oytgbxt6pxcqkl7u4z53qq
a399b92f6fcd7074b885e6d9c172a7ac,Female,,Vets office,5/15/2020 18:16:59,p2rfs4cu67i92g8h8mvp2rfsqm8u4woe
7faf0a376db57fd2e9c9d3291792ee03,Female,50.0,CCBS Newsletter,5/15/2020 18:17:54,gs856cd9vgb7vhb1gs8ucrlv9of86v5m
18cd3e343e94dd80d07bae1b59611ee1,Female,71.0,CCBS Newsletter,5/15/2020 18:19:06,1bojhxdhzw6ge11j2e1bojhxcszwe3yo
a18db353023d998746ad82e1242f89b1,Female,52.0,CCBS Newsletter,5/15/2020 18:18:49,u5we2vvyy0r5vu5we8cfycw5a63xevbm
39590d27887a9981b6c5feb0b88f6656,Female,57.0,CCBS Newsletter,5/15/2020 18:19:59,kq0isl6y4qkb4md4dhkpowafkq0isl6y
23edb42e9ca0bb7d56d68dbe37eb6b7c,Female,69.0,CCBS Newsletter,5/15/2020 18:20:48,r0s6uiegrnyqc4taror0s6u6dq2ilsb3
0a9a51bc780691de553e31b10b198148,Female,5.0,,5/15/2020 18:25:32,xzhsi9x0fmieo6os89rjxzhsivrnx0rw
6e3b75fdee790816f4882b924d3ba74c,Female,57.0,CCBS Newsletter,5/15/2020 18:27:16,2d76vmcu5m20cjew5k6mjzgc2d76vmf5
e9a38f45364c2d7193fb4363e5730e53,Female,34.0,CCBS Newsletter,5/15/2020 18:26:58,cgh8165bmna3iig7nzrcgh81po0tyk7s
b8f463e92e5cbaed564868d393258dba,Female,,,5/15/2020 18:28:37,iccs1xdzt1aooes36iccs1xd1sjbagao
96d0c5a41a9401bf3cdfd9480f6c7811,Female,70.0,CCBS Newsletter,5/15/2020 18:29:58,bxt1bipcuvgvzty624wbbxt1bx1ugvmq
353f0e574935b71fcb84f138d53eaf32,Female,70.0,friend,5/15/2020 18:29:51,cp1xkswsqvmjg5jcp1x0djca24dka3tj
3f7ab7c1455cf477811534e953c3fe17,Female,34.0,CCBS Newsletter,5/15/2020 18:30:51,ggxju20uq96ck251or1ggxju68be43a2
f6d11492e0812ed3e51c6979aac881b0,Female,56.0,CCBS Newsletter,5/15/2020 18:35:04,j55g15fcvbnnw6xa10i5j55g1aq1m92e
1cf65ae76e28a914521a437b2e08113e,Female,,CCBS Newsletter,5/15/2020 18:35:14,36uza2d15o8ifz78lvb2lgi36uza2dc9
061ca92ab9232ee80aa89a221f72ee73,Female,75.0,CCBS Website,5/15/2020 18:37:19,s83jrf5ynctyr389s83jrflxo7uccl88
89763a5d76c7348f9b02848d57a1cf5f,Female,51.0,CCBS Newsletter,5/15/2020 18:37:42,mhvacyvyvdm5ehxf500kmhva84hviads
025f9ff4c5c6c6b4183157f1a38a9f7e,Female,71.0,FaceBook,5/15/2020 18:38:35,tz0sculbt212p23plc08tz0scudx32qx
783631acb746738f7b8ca9955b342725,Female,36.0,CCBS Website,5/15/2020 18:40:08,xgzpquymon8ab6qtynxgzpquipifti5l
89d7b6119b237603920f3270427578db,Female,41.0,CCBS Newsletter,5/15/2020 18:40:06,giwppkztoaxvkb1qgiwpcxv7icbsrwcx
5bb294bba8c6e14a6ead1e8126078c29,Female,69.0,friend,5/15/2020 18:40:37,todv1w8s7emy74byxlbncctodv1w8vvl
08d9f3ac6c06a45cc4e9d917d71d74d9,Female,64.0,email,5/15/2020 18:42:18,65rbzb0e63j5ellp65rbzfj9eqp3sirt
cc9cf8bdcc5ebb1d9eaf3be047cd087d,Female,67.0,"CCBS Website, CCBS Newsletter",5/15/2020 18:43:05,i1j5lq323enchge8c54i1j5ltf2c516v
f9ff0762434a4c4d007f2f448fbdb372,Female,63.0,CCBS Newsletter,5/15/2020 18:44:47,pdq6pa9k5yollko999jpdq6pkuv5yfew
1b0538de93e5699c06b905932bc965c0,Female,65.0,CCBS Newsletter,5/15/2020 18:44:50,sle74yzoipkk4qsqi3isle74yzoi867q
d4782c6b783817e0bccb46c6cf7334ba,Female,61.0,Email,5/15/2020 18:45:14,sg1rulb2lkyewjt5sg1stl1lkv8gch7c
f4ba7d6cbc2b6620b14a71860a1b0b52,Female,71.0,CCBS Newsletter,5/15/2020 18:47:52,q78bpkdf399yzbjbpj5y5q78bpkbskuj
01f09881fb038ee28ab0ef02aa80d87a,Female,29.0,CCBS Newsletter,5/15/2020 18:48:20,fz30thi9mgr0ogfz30z2b0h948hfgniv
208fbad340642b2a1c705e21b64b4b02,Female,37.0,CCBS Newsletter,5/15/2020 18:49:18,1wn8f87dl2wi1wdjd1gv9ddqk2wsr3t0
3f39a78c9db340faf12478f30454aff1,Female,65.0,friends ,5/15/2020 18:50:03,29ysdb73b4cc7geu9i29ysduggzev4ig
34b6e80a90dabff3307279aaed2c263f,Female,65.0,CCBS Newsletter,5/15/2020 18:49:43,y5fzdfcngzf15u46c2iy5fzk1n0u42rd
f9ff0762434a4c4d007f2f448fbdb372,Female,63.0,CCBS Newsletter,5/15/2020 18:49:27,5hxv4pc2aqo984che5hxv4awahvevkga
164d64624e2a6c492b661f1a40343243,Female,72.0,,5/15/2020 18:54:48,6b74ngan0k4zcvv4ym86b74nganrt6gp
844c2b5adbdc189b174892838e748c90,Female,54.0,,5/15/2020 18:55:47,ee7n1txwwqlxr23pree7nkpb12fff19l
bab87f120066df6889782d1be04abc23,Female,74.0,CCBS Newsletter,5/15/2020 18:59:49,78843utfra1x35c0ka788nmj4cdgbbs1
82412fdfc2577506a26c289c97a82ef2,Female,72.0,Email,5/15/2020 19:00:07,soswp5ojg6agj9vsoswg1lor4i4oicg2
b736b99181146928640cb9e3d5377417,Female,61.0,CCBS Newsletter,5/15/2020 19:02:09,c90j7chhb6s0ekamsanfgc90j7gm7rjn
e7050dbc04061978edbb7890dd68a660,Female,36.0,CCBS Newsletter,5/15/2020 19:02:30,0xek0rs6ytmepnr0xek028atgiln7q6u
76a1306a1ebab748a1887a82e615acf2,Female,39.0,CCBS Website,5/15/2020 19:11:50,pc7ovs3sxf2zypcqflk3b1w1uiu5ehaq
1f6217cc2ba864c20ffc3555c706ad63,Female,53.0,CCBS Newsletter,5/15/2020 19:12:46,lribmtgs0ki64plribmqgjdiozj5pp9t
bea03be707530921a150c0f307b25eff,Female,62.0,CCBS Website,5/15/2020 19:17:31,j6l5v8k2swikwolqqj6l5v89f2fk9t5r
ddc546ec3aee4561b7f566937119697f,Female,54.0,CCBS Website,5/15/2020 19:18:46,7ehbs8oskkk4tq2o7ehbr3tv887gsys8
9585138ba1f508463f9929917f483b8b,Female,35.0,CCBS Newsletter,5/15/2020 19:21:18,f67tr31pu2o635uus1h4f67trz04mkfe
c3cc8e5fa42f75d590ff932d19011e8f,Female,27.0,CCBS Newsletter,5/15/2020 19:21:04,1sj0n2znem82rvykawe1sj0nhd6tdnk8
9a70448b923b43a46b59b5740097a89b,Female,58.0,email,5/15/2020 19:23:53,nidl5eaijjj3thfcnidl5gju03g1n8n1
ab7368fa33fcd58ed0ccc16cd6306209,Female,72.0,CCBS Newsletter,5/15/2020 19:28:42,ybi23w5vq2vjxmu0ybixl3y3oi1synzw
e6bb5b4ba15f08c27445486cb42b16ab,Male,67.0,CCBS Newsletter,5/15/2020 19:29:29,sg2w9arnbbssg7sg8it4pgmrzsijgmn2
5fb38c31cb5eadf8bb95638a27819595,Female,38.0,CCBS Newsletter,5/15/2020 19:29:12,gbn2shd7rcj0h737a6xtsgbn2shd1tv3
835eb790fa1a4ffffe8429c9870a9790,Female,59.0,CCBS Newsletter,5/15/2020 19:30:01,hriwvg3069qeqwfwk9kd75x9hriwvg34
9676adc59032d3fc4059f6810b239b57,Female,26.0,CCBS Website,5/15/2020 19:35:12,yno8sm591c1jhpcebhlyno8sm59tsmbv
dea5c6e8e6bc238c70761d751dc061d0,Female,36.0,CCBS Newsletter,5/15/2020 19:38:14,bks5lf2v94th3ubksnnx12f3s4pjvkif
431061a6157aa19c27cd54a56ef3ad6e,Male,65.0,CCBS Newsletter,5/15/2020 19:39:18,p3misi95l0oyw7osr3p3misiqla5fpts
397ce64a96ca1ef9b2e337c38fa76760,Male,63.0,CCBS Newsletter,5/15/2020 19:39:14,n3ebugzjsyw7udfxn3etojnqgo00e003
249e300dbb0ad0fe1be2fee5d1a3eadd,Female,61.0,CCBS Newsletter,5/15/2020 19:43:52,wmh3324csg4nmpp0qwmh93trwyut8g3z
680f330da0224465c1816e3c8203c543,Female,65.0,CCBS Newsletter,5/15/2020 19:44:43,m7f1mc4xc4vl0hab7m1sm7f1mcnq52mu
3010ccee47d5908f0d2f78482572f573,Female,67.0,CCBS Newsletter,5/15/2020 19:45:45,onnk2c98ueonuvuxx6tyjavak47zzbuv
b0e95aed9a8cd76599c0f6ef593b2dc5,Female,51.0,CCBS Newsletter,5/15/2020 19:46:40,oo60oo0yht2l6bvhbaocoo60otfbjhzs
e163394ee681d6d54f195ea8ee57e3b9,Female,38.0,CCBS Newsletter,5/15/2020 19:50:42,wdiuo66w019fjkkuq0tgwdiuo660t235
b67030ffcaf7ee2252dc255fad24ccc4,Female,55.0,CCBS Newsletter,5/15/2020 19:52:06,dhzmw2wmaqpg0zroyfya0byedhzmw2wm
091baaf748b85cd4e3d57e573957d4a6,Female,72.0,CCBS Newsletter,5/15/2020 19:52:41,4kgnmi9xgbk7b744kgnmi14g04td27i9
1eaee0897fb68ad2d8f8d0376547c609,Female,,CCBS Newsletter,5/15/2020 19:55:04,twtyggq8s7eb5z2lmtwtygxjik7efqmn
aee1deae3b30d05f447afed0abe1b3d9,Female,,CCBS Newsletter,5/15/2020 19:55:34,eojmlmof3f3852eeojmld3m3xeidf5l6
b9455784e84d6096c7ef5d6c8a37d5cf,Female,69.0,Email,5/15/2020 19:57:51,blmkijazab54rsublmk0gs09un3ufpya
01d2a80069fbbc5d0151d4b108cbcfed,Female,58.0,CCBS Newsletter,5/15/2020 19:59:22,yf9ew7sd4ao1hujbryf9eiy4wpe0whr8
eeac11d6ebd31964d51a4de18eea3bb2,Female,35.0,CCBS Newsletter,5/15/2020 20:02:15,c5apuiorh0y6n4cqz4yhn4tc5apuio0d
7d4418eeeb10c963a0651cc77c95af67,Female,34.0,CCBS Newsletter,5/15/2020 20:02:51,xvnryqk8j8ae09o1lxvnryqkhiibmpxq
54d27734e742d0c2b328d7e9d7489d96,Female,37.0,CCBS Newsletter,5/15/2020 20:11:16,g062vaylonapx2kg06233gjy0gz5m6b3
879f72e656232d08ac6eacaad53869bb,Female,68.0,Email from you ,5/15/2020 20:16:02,xzbp6dxfbx86lytttbvxzbp6dxfq10j4
e9af3c6cb2dbfcaef04831a942bbf7d9,Female,65.0,FaceBook,5/15/2020 20:18:52,egq8rwmdm7owduu1fqxegq8rwlm4cdw6
20d9ef33d18a6703de80628a9eca1a85,Female,65.0,CCBS Newsletter,5/15/2020 20:19:52,liguoeq5dltwcvb49yz3liguoeq50wrm
15a1d2ac8deb4399af809eb64754fb2c,Female,59.0,CCBS Newsletter,5/15/2020 20:20:15,oefvml4ey56a1vwigcbf3oefvmlszxa9
ebf404cf85a73ad07076289119e7ff80,Female,64.0,CCBS Newsletter,5/15/2020 20:22:17,jig32gr9o5ep0waqalefvejig3a3wl8e
d807e6ff7d7525df9fd014d15a8f9a45,Female,58.0,professional association,5/15/2020 20:22:18,8xu1g1qas7eez7xt8iz4j8xu1g16y1hz
e4dc088e7a8aa3a378d4c1d818f32b77,Female,34.0,CCBS Newsletter,5/15/2020 20:24:09,9wd4evryi1kc601k9wd4ev2ula5x0u3k
1ebf47f3fc41fa20df2e30f53b95c7c9,Male,49.0,"FaceBook, CCBS Newsletter",5/15/2020 20:31:04,oiydfrc0nm3zx47ep3coiydfrq88pc6w
fbe9b18748278fdf1efc7f8716c2c5f3,Female,58.0,CCBS Newsletter,5/15/2020 20:33:22,npuej7k3os9i7n3sm5a6unpuejxd0owp
e591b79f66d873881d235ccfe2677458,Female,54.0,email ,5/15/2020 20:34:00,hvfl0ofodyta4904bhvfl0lu8ceswgma
e9a713e9407a3e61387b2d29a0eacd79,Female,69.0,,5/15/2020 20:34:54,dtm5fw26gq6uslqdtm522gwp5oywki79
5225ce07da4e25f8d241f8a0a1f4ae39,Female,,CCBS Newsletter,5/15/2020 20:34:48,nbl3vwxsjc1os58nb95ys6e4mnyp2w95
971da1e36e1116db0a7f0ec5ef0a6b89,Female,26.0,CCBS Newsletter,5/15/2020 20:37:13,eyuutcsh1uq8mwrxenfgleyuutcs0iev
c9925331e657b8e9c333865a3352fa74,Male,55.0,CCBS Newsletter,5/15/2020 20:39:31,aszvy2m2wa7aeer42c6aszvum7fyi904
4a4d405000cc2098b5342cb1607b7475,Female,14.0,Instagram,5/15/2020 20:42:42,oscwc19vi61q9xkqd1ogoscrxmckna3b
21dc545dca9ae3377e92f4aeca0df266,Female,,CCBS Newsletter,5/15/2020 20:43:20,yff4eotugja6fh2a9yff4eoj8dxqq2m4
3ea182741999dd54cb902c478ba2704c,Female,62.0,CCBS Website,5/15/2020 20:47:02,n0dxus8q446kc0z35n0dxusplf9smznu
fb20bbafb41311027da4224a44807ad0,,,Trainer,5/15/2020 20:48:22,5l2gsueuoyp5ugmu5l2gaxt502v3rn0l
4a4d405000cc2098b5342cb1607b7475,Female,72.0,,5/15/2020 20:52:08,y9epf5ymacfn2ody9epf5zsawy2zgnwu
8a8ed51fcfc8b314d6bad883a48b6983,Female,58.0,email,5/15/2020 20:56:46,7c14c2eo9934gv17c1nryl4e8zojfjon
66f16aa997f0f23d539335c218362c60,Female,31.0,CCBS Newsletter,5/15/2020 21:02:18,tb20tc1ylh7807tb20vli8v8db8etl82
9b896fb39d8c4730f8c9901297631b2c,Female,54.0,CCBS Newsletter,5/15/2020 21:11:01,zmpx20ov44k5on9c9qzmpx20oroq8jhi
a9cf7ea9f6e8d769099ef7793270501d,Female,40.0,CCBS Newsletter,5/15/2020 21:28:12,5ktq01gkpuofeh5ktvk70nns66yh2tow
ca6e807f53c82fd8c05d9591fd4ad5a8,Female,22.0,CCBS Website,5/15/2020 21:28:24,6hdcwivee3jft9fht3ljd6hdca6wbw1y
225df330a09fde9bda7c1f0479fac67f,Female,73.0,FaceBook,5/15/2020 21:32:42,qt3v6mz188n5zdsbvqt3v3ckux256pw8
b239ee2492693fff6d4aeb228b7f5d26,Female,37.0,FaceBook,5/15/2020 21:43:19,serlfd4pzpjonzm6tserlfyoemy3j7bx
58d410165c5392797d93c3230f6966f6,Female,69.0,CCBS Newsletter,5/15/2020 21:54:34,701tues4r6opqizm701tux1olfnndv7w
75ed000838ceac6ba9a666af6e17335e,Female,61.0,CCBS Newsletter,5/15/2020 22:01:25,7ubslpbgwym94my76io7ubslp0o9x32l
daaa53b28e00e8d60148dfdfd39faa16,Male,57.0,"FaceBook, CCBS Newsletter",5/15/2020 22:03:24,8vp6luue0d8qcuyt46z5qo8vp6l603ws
25ddd555b383976662f2fb1ebdd884e2,Female,62.0,CCBS Website,5/15/2020 22:05:08,mi3gsgzxsis5nqdtdhmi3gs1j10fzqoh
25ddd555b383976662f2fb1ebdd884e2,Female,62.0,CCBS Website,5/15/2020 22:07:28,uejec7csz5yseu65m0snvuejec7csekx
5e458dc6a24f0fabd040293b343565e8,Female,68.0,CCBS Newsletter,5/15/2020 22:07:24,grlolcdeh2nwpo3ddgrlolclibd2p4ph
5e458dc6a24f0fabd040293b343565e8,Female,68.0,CCBS Newsletter,5/15/2020 22:10:31,p6mgxc36gz83gn2rfgi3p6mgxc3m7xj3
1448505ba8c9bc1af07d6305137389ab,Female,69.0,CCBS Newsletter,5/15/2020 22:14:45,bdfoct821qcynpa7cj3bdfo8dzm2ej5v
e1babd29f55f64d87d746213bb6af1b3,Female,39.0,CCBS Newsletter,5/15/2020 22:19:25,qc13gq7sclikpo7ejg8qc13g0l5ou23k
5fd1cc822a5e6bc65352a91536c21772,Female,81.0,CCBS Newsletter,5/15/2020 22:24:00,v2zi9mdl0v8md98aj1v2zi9mxa0nvg87
358a1c2407332b070a28f54334f2259b,Female,54.0,CCBS Newsletter,5/15/2020 22:30:42,xdrisi9r35iugsnoxdris8182qf052x8
fd172ecb93909e97ab57f1845e1ad6e7,Female,67.0,CCBS Newsletter,5/15/2020 22:33:47,akkv0o71w3gz2tk3swi3qtakkv0oqp5l
f26d30285b78fa8e7515142b6c2eb13a,Female,58.0,CCBS Newsletter,5/15/2020 22:34:12,am60mfrkjitqoews4cam60muu5yix1j3
ea363a743defe14e2a8e42c422f49e66,Female,69.0,FaceBook,5/15/2020 22:34:54,6ekw826rgroadpe6ei06w1oz9gjzlz2i
b687d8840fb79968f44c7afe4293d537,Female,69.0,Linked In,5/15/2020 22:35:54,im27fmg2fw1c9e4vxg14im27ffl3otjr
e24afea051f61952bbca4bf1b9cfea15,Female,37.0,CCBS Newsletter,5/15/2020 22:57:10,nbykcrygd8uzkcfqxccwnbykszq2su6l
e7546fcb06d1373624009835fc583179,Female,52.0,CCBS Newsletter,5/15/2020 23:02:53,ttzhwus1pbif2dttzh5hq87klj675zsg
601718586ba274ec73386b82eec5cd05,Male,60.0,FaceBook,5/15/2020 23:13:31,1gomtrz1ig7h3adxs1golv8vpiw1d9h6
be9205773a11b68c0624f8c5d4cd255a,Female,57.0,email,5/15/2020 23:10:29,5bu7y6k8co22wksispf5bu7y609fkbcn
0b960a4fcfd17d781e1f8ad95c3a5c16,Female,51.0,CCBS Newsletter,5/15/2020 23:12:31,vp2nmpdruirjqh81b9czqpvp2nmppu17
0fd26471350fbc5908dcf308ee12c0ca,Female,10.0,email,5/15/2020 23:17:58,gj592bcxphxumrwt1gj5921h965tufmw
682cf593a714eb01fe60ef5a6effaf27,Female,68.0,CCBS Newsletter,5/15/2020 23:27:31,76cy5mf6kmyq26z7rxs76cy5mf6cbl5e
a6b9c85a367a6111178f617e23ddfcc5,Male,62.0,CCBS Newsletter,5/15/2020 23:35:09,qzd215wcyt9kmlxqz0hxijswgcdeh647
7bdd1ca9bdd7276b6a0dabfbb8b7cb57,Female,58.0,Email,5/15/2020 23:39:55,g0vgtkpyihc6w9by4g0vgt6og4wjniho
32a4f5de41bb4f0e121a46955eef1365,Male,2.0,CCBS Website,5/15/2020 23:39:14,60twquvffpwprj1gam60twqph2k70ljm
bbc97f6cf939712dd1b2bb5509d60485,Female,74.0,CCBS Newsletter,5/15/2020 23:40:22,49g98ajvs6skvja9yxv49g98aj1uuk6n
7143c152f7d40f9675a199d629d39961,Female,50.0,FaceBook,5/15/2020 23:42:59,09aqzasr4i3qqrr4pq1j09aqzajd52sy
1aa41c5a1eb9ab8403f0c158e660515f,Female,52.0,CCBS Newsletter,5/15/2020 23:44:50,rd714dlr6eg93915evsgrd714dlruues
fa05ea3de0647eca5254dcaa48b94f1c,Female,38.0,CCBS Newsletter,5/15/2020 23:57:59,l40i0k6tel4uekr64b8364wipt4uek72
35d1aa78746cf79dce7c3d799e7e8ff5,Female,51.0,CCBS Newsletter,5/15/2020 23:58:28,iuigx3myklsdmiuwxjf2xx0jdyme6q78
f1b3c045e2eff30fefd0808587b2e751,Female,34.0,,5/16/2020 0:07:04,mh32dh7qbfxtz8nqmh329wgnbwe6ipz1
e119b945793dae1e6073d3ff8aebe39d,Female,48.0,CCBS Newsletter,5/16/2020 0:08:01,trrx8apfg4ln9gj20trrx8ag6aruusid
7edfc0392ad1cd97af95258225efec63,Female,63.0,CCBS Newsletter,5/16/2020 0:26:57,l1hmkqvik5d5ro3l1hmve5hca9o90ws4
59596ace6c6adee3ab30c5e0547dd8d5,Female,8.0,Previous study participant,5/16/2020 0:27:48,ct8pac1a09o6mdoact8pacnwhdjzmvcz
9ca26de2684deaf7ab03f154e174884d,Female,59.0,CCBS Newsletter,5/16/2020 0:54:24,rq1hin5t2bkl3qgh7rq1hin5nlhjer79
4b81fd49bd84ddd8d7eaf085f800bdf3,,,CCBS Newsletter,5/16/2020 1:11:03,dh6q5wfuuovrj66zcjodh6q5wf6q2tgr
51d062a3239d11c3350602468eca06cb,Female,18.0,"CCBS Website, CCBS Newsletter",5/16/2020 1:24:38,gbdx4vcqb2ai8ra241uy6qgbdx4v0tpr
645523d545b3fe3868b76954e2b7fc32,Female,51.0,CCBS Newsletter,5/16/2020 1:28:52,bysilxsz725sxta3c7pcbysilxs2i7ca
dcbe0e96b0802965792d3aab689df2fe,Female,56.0,"FaceBook, CCBS Newsletter",5/16/2020 1:33:22,3xc8j66igaojddznxg83xc821n01qewx
89b1f6a36b048bb4c65b16bc511f46c6,Female,44.0,CCBS Newsletter,5/16/2020 1:52:14,hdzwopamwm3ofcn72hdzuz3ogdbbc8hu
09c25ae23c741d85b68a661d8de8435b,Female,72.0,,5/16/2020 1:58:07,5dh42jfc66v3t45dh42c94ay7vvc3pm7
f502429798186f7e62274970f5c18597,Female,,CCBS Website,5/16/2020 2:04:23,nbux9nc7ljkdhtpnbux9nr55hcl6r27p
4baf6645dce998801183697454193053,Female,56.0,CCBS Newsletter,5/16/2020 2:10:09,dccju0wos4w3p60hbcjdccju9gvg2qoq
c728c93aeb08b09cd89cdd89ed2b72b0,Female,69.0,Email,5/16/2020 2:14:05,59b7pev0nehtduezzvi759b7ozxruwgw
a6ba32b7485b53c43ab61ef0975a9fab,Female,54.0,CCBS Newsletter,5/16/2020 2:20:03,rbi9uxk53akurbv5l99cedzp47zdpjqr
4f31b92e699a60363b3110d3e5c5312c,Female,63.0,CCBS Newsletter,5/16/2020 2:21:56,mxkjyrxak58v29dmxkjyrxce647ycskf
a2328b2f023950881ad4047be9cb8070,Female,44.0,CCBS Newsletter,5/16/2020 2:41:11,drh6ccxnnmoo3oo5u2drh6crl8soea8x
7ef899a1752c17a1ac76bfeea1bd97ac,,,,5/16/2020 2:42:25,cimyl1kdgjrx8uejcimy7reswj0gh42w
8a4b6f659345a35ce7f3f67d54792075,Female,60.0,,5/16/2020 2:54:43,awrf5b3thty4603xy4wawrf5bpt9vfoe
8a4b6f659345a35ce7f3f67d54792075,Female,,CCBS Newsletter,5/16/2020 2:57:01,amfpkn0fp1efkn1d413amfrzl5mywhwk
82f672505d3808f2599cdc3767fbc36e,Female,69.0,CCBS Newsletter,5/16/2020 2:57:32,eytpfln43own962uzdeytpflvqxu695w
c46bedef0d416c02639cadb8b8887a1a,Female,51.0,CCBS Newsletter,5/16/2020 3:10:30,324kfm9sd5gv1fqjp324kfm4vybm7tyd
a0f0487ef32423c9cff68b22bf8bd0b1,Female,68.0,email,5/16/2020 3:15:54,3if024wz21rkgwb3if0p4dkrr7a92uhp
170a1a22f42e65a8c01bfd6db33779bf,Female,38.0,CCBS Newsletter,5/16/2020 3:25:27,i0h9vrsrng4q5m3n3guei0h9vrsfw83d
e1ff10303114bd2501c6ee1ef0c58944,Female,68.0,CCBS Newsletter,5/16/2020 3:31:08,m207g007f6005jod3d7au0csonm207g0
c9aea018ada238093fbd2f46d3a5dac9,Female,2.0,FaceBook,5/16/2020 3:39:21,wa0cz37gql5ere9g5vqwa0cfm7n5ddn7
01f155269919ba42302c9ce859842872,Female,46.0,CCBS Newsletter,5/16/2020 3:45:54,ht71l8pa3r9rvcjfwna7cpyht71l8paj
4da7ac7bb7e34491cdbbc8fe709dc347,Female,47.0,CCBS Newsletter,5/16/2020 3:46:14,93vwp4bs6yyowroo9m93vwp4h9tk1faw
17756f5abf6140e77f6bf351e6d21dc5,Female,0.0,Linked In,5/16/2020 3:51:50,brljjars6eg23dzq9ohbrljjabvlsaur
1f884a4f701a768af3905cc9ee9c591c,Female,45.0,CCBS Newsletter,5/16/2020 3:53:41,ci1y5oyz57wfv7zbfnci632xbva5t09a
a779895aa52a94ec8e94f6b4df7fc62b,Female,41.0,CCBS Newsletter,5/16/2020 4:14:08,4b8vgf8of1i5q8yzb64b8vg3cvboj329
77da5c17343c5e84f2216d9f475d692a,Female,59.0,CCBS Newsletter,5/16/2020 4:39:05,3ssja8b112fphyfq3ss54at9dg27wh5r
5cffef70de7b432891332482f43f31b1,Female,66.0,CCBS Newsletter,5/16/2020 4:56:13,do4xp54151ob4db6v9do4avdvp8z2jdu
c14a2d0a323b817ead5e1e61f3538203,Female,64.0,FaceBook,5/16/2020 4:57:53,lk88xlovjwmcpowo2hwbu1lk88xlovjk
543d3eef8de20bc4414d36601f7402cb,Male,22.0,Instagram,5/16/2020 5:10:11,39t0pvx9sxq8yslx39t0u1l1f9vsxhw2
6e0108d3bc39bdd5a9329ae4f0112fab,Female,31.0,CCBS Newsletter,5/16/2020 5:18:31,fq75nnxha1j1xvqfq7nac1rk9jtv9w0h
8a0d0123fbc3050bf4a327e39f4f9f47,Male,43.0,CCBS Website,5/16/2020 5:25:38,17jcsxq7rqgskxzg17jcsxqf19jwwqdx
9ef104cc779b1407756cf34870ef2539,Female,65.0,FaceBook,5/16/2020 6:04:13,ngxso8htx13z0lxbngxsorgq7ae0hbqw
5c4be837849731804e4d0c8f277e675a,Female,56.0,CCBS Newsletter,5/16/2020 7:36:36,qt9ij0vyec0sq32xwqt99culc1unzr75
71f65a0ca8efaac3258748706c57a46d,Female,72.0,Email from CCBS,5/16/2020 7:46:28,gyzvbrnznanzclaf5sp9gyzvbrn07v87
a5811d3533ca9481e8da6b5b1cdc4447,Female,46.0,CCBS Newsletter,5/16/2020 7:50:23,f57610h62lgoaf57rp15rvhs84ectl0k
9d305f6af4b519f96bd9a7fd68d5250b,Female,56.0,FaceBook,5/16/2020 8:22:34,hycp9puh8idpktjjkhycp9dj857dnik3
e2886d18ea83462ce6e821360d24e586,Female,38.0,CCBS Newsletter,5/16/2020 8:24:36,soyo2fzfy69zvm12soyo2frv4be54w1v
2e65a6a520898e007074cfa8fdcd3f65,Female,54.0,CCBS Newsletter,5/16/2020 8:35:42,dwqvl7aaajmbtl86jrhdwqvlwfaxus5a
1af3c9674ee6b1223a42a3f17bae7288,Male,33.0,CCBS Newsletter,5/16/2020 9:09:09,54jvlhw19jswus54jvnw8okyamrq4usu
c199943acc65eb6b9568f6b50935c264,Female,42.0,CCBS Newsletter,5/16/2020 9:14:19,arquwtsdtb5wdavq5hjlarquwtsqa5yu
87bbdb9185d9f6c5d3c93b480bdff586,Female,27.0,CCBS Newsletter,5/16/2020 9:18:23,m7kkzeh0nuj929223m7k3pvtwjlbsd9z
c03c7dab35373646dff0f04e3d9cedb4,Female,70.0,CCBS Newsletter,5/16/2020 9:22:35,eabymr6ncpwavhjseabyw581ppi5f9p4
b092812b46bd9edfc3b40cce251144f1,Female,60.0,CCBS Newsletter,5/16/2020 9:31:15,qe3ypqyxy9f9v3uqzprqe3y3hpt6iuv1
b106ca3190fbd4da89536f893d1f3a43,Female,67.0,CCBS Website,5/16/2020 10:11:49,tch3oiunxud6m6xsg3jctch3oiufzqm9
0031b2aaeba16a973a7126a3919fedd6,Female,57.0,FaceBook,5/16/2020 10:12:32,o80prynpmwuj4bxj5o80prz9x8nc1xfp
75c0fd1641eb145d4eba65e8a671c270,Female,48.0,CCBS Newsletter,5/16/2020 10:20:40,nmtwoi1kq33dvmhk31jwnmtwofrx9dul
8b8228a99ce309de31bffdc05f375369,Female,56.0,I dunno,5/16/2020 10:26:13,c5ffnqwntntiu93w2fzsc5ffnqx3y5nv
ddc7f43480e2686680ac72bbbe186e63,Female,59.0,CCBS Newsletter,5/16/2020 10:36:44,lki8vca7pg8pv8zilki8neyokxfyqejl
41818b5e8cb664b67383567fd1c80379,Female,34.0,got a mail,5/16/2020 10:40:44,ch9ratxv544qhpxxch9r3gp6yhnx2b3g
aa5cd42466452b011bdebb18f46f95ff,Female,38.0,CCBS Newsletter,5/16/2020 10:44:11,qy53mg3wd7mqyoqy52s892jwya9k7ra0
6762a179b3e0585b734c5973d016b0cf,Female,71.0,CCBS Newsletter,5/16/2020 11:13:32,4g2s3e1luc2jzoxs4g2s3y8pfgpxvqpa
fb35275b7f7d42a3cce2feba720b8146,Female,,CCBS Newsletter,5/16/2020 11:14:08,ladx32vs3mm1u20tvrladx3i7hq8l34w
bdee0ea484917f9fb64b01a9cae2595d,Female,71.0,"FaceBook, CCBS Newsletter",5/16/2020 11:17:04,57cbol75bj523042o7857cboltyk7wtv
164d64624e2a6c492b661f1a40343243,Female,72.0,CCBS Newsletter,5/16/2020 11:23:12,d7qp3wfla7psfv2581d7qpm0qevjdjpu
d4c98d91ba53cf2877c732d336e4cf17,Female,28.0,Canâ€™t remember ,5/16/2020 11:30:53,185xvr8md4mkm57bv1pzoxuuv185xvr8
5e70eb383aecc7d379b2f8dc1fd3e951,Female,41.0,CCBS Newsletter,5/16/2020 11:35:31,hqv2puzcd24bdoya4ashchxw0ghqv2pu
c71110c89998e96fe9882dd841db5d2a,Female,42.0,CCBS Newsletter,5/16/2020 11:36:14,vw0z58rfr8gv1ck1w0vw0z5o4a481xx7
875c86887c04058fdd3d1577157db179,Female,65.0,CCBS Newsletter,5/16/2020 11:40:12,kwpbiqkhy3cxaprkwpbrpwvjuusychsy
1c6f0b4d4992cc21a04e34261d944f82,Female,67.0,CCBS Newsletter,5/16/2020 11:58:17,xt8gszwkbu2w6fei5jxt8gtmz8oqfzb7
7b0b1a973ae5d58253e50d641d2dd11e,Female,52.0,CCBS Website,5/16/2020 12:08:08,lp36a205ie2n8om0w4kvzlp36a2uz45n
a78f5c9fb3e9554e23b5a3c6f8829fd6,Female,,CCBS Newsletter,5/16/2020 12:17:04,24ofi4u6gegyxwvrt8724ofi4us6g001
a4f2c363af3917d28cb6c14f8d29cf46,Female,42.0,Email,5/16/2020 12:17:41,z0yootmapyv5y8cewc5z0yox1dqcpama
89a1cc69fc12ef960b2fccc70da6f052,Female,77.0,CCBS Newsletter,5/16/2020 12:25:39,p8h580mmhqep8h58c5u48u4wqcxaoiy9
7217231741332c930a80af5c4e994b5f,Male,,Email,5/16/2020 12:31:27,b69m22a1gsaq52zgib69m23xs3x51afs
239d59e64e81d5ee15f8115c35312eb5,Male,43.0,CCBS Newsletter,5/16/2020 12:34:27,vnmxs9l3lkhzqgf1zsavnmxs9411zjyh
ef79bfa88b4e52c675fc2e8c330fc06a,Female,52.0,Instagram,5/16/2020 12:50:10,l14lib60onncw6afvuwl14liiah3gydg
acdb666b7bceacbb8604edfc6039643e,Female,48.0,CCBS Website,5/16/2020 13:03:31,0znf3tnbaxosjz0zndq7nfb76r2udqda
6a22a32fb34564c1c01ad41ef37992da,Female,76.0,email to me,5/16/2020 13:12:26,zeq72y5c18a5l5g3hj4tfzeq72y5xb4u
f2158a783b4fb7aae0e902fa1b920b29,Female,70.0,Behaviorist ,5/16/2020 13:19:12,f77d3lsupoiru8f77wt96ogciancdiul
5d6a2831e0a547222cfa777353799267,Female,57.0,Linked In,5/16/2020 13:18:10,ibfps51hqspz44xnpibfpyrhbyq4i9r0
5af42c2a713ff39d90b62eebab7db837,Female,64.0,FaceBook,5/16/2020 13:18:25,fntcu2qh1rr3gvwfntn7v7m22ebas686
0d569f0cece8cede3630f2b7bfdc8f61,Female,46.0,Email,5/16/2020 13:41:17,tg0ur7vkqlwlw68ennptg0ur7a7lquv3
50f31ea8260bf0b53f574e5386181222,Female,47.0,FaceBook,5/16/2020 13:53:49,kxq96ysi2q8vzd4p5eykxq96ydwzti1i
8c01af94ea8299a8d3f0e1865cda3b2f,Female,48.0,CCBS Website,5/16/2020 14:06:44,zigptilg1oaljr5nzigpjx97j79bvysj
dedf926879107e0a46c8d7c6a12a8d66,Female,51.0,CCBS Newsletter,5/16/2020 14:15:08,s7zmzg9a5gsuwtx12f5s7qzt37pitx52
3182e0832e51f98cb54d1eb83987407d,Male,75.0,CCBS Website,5/16/2020 14:37:15,a64nn70v820r5za64f1inhb7berqf0mz
681b744006554f3fafc08b70d4199b44,Female,56.0,CCBS Newsletter,5/16/2020 14:41:33,ho015ag1uzeqy1n5gex3ho015agbn7sj
1b2377af50382653289c8fa7b1748764,Female,47.0,,5/16/2020 14:53:04,amizjtos53eaecgedaqcamiz5vsi13qn
3734531a14f0c4e13e8e162e80a26536,Female,72.0,CCBS Newsletter,5/16/2020 14:55:52,6dmcyzz7d04a76zrdz0aqa86dmcyzzx5
851b12146bd352a06876adb01cbe577f,Female,70.0,email message ,5/16/2020 14:58:34,l6yynu9a6krpcy4l5l6yynud7d65tg99
b475031f6b439ae5aa7d7f3da0246966,Female,73.0,CCBS Newsletter,5/16/2020 15:04:16,ja9zv4d9gbuga3concja9zv4d93w4fgn
87e7b5b45228db25af463895f2cf7ac0,Female,65.0,CCBS Newsletter,5/16/2020 15:34:36,yrbv4js23npuzhiyrb5t8uty5dqg4d6f
98347f3ab716e6df36e1055a56ecbd76,Female,60.0,CCBS Newsletter,5/16/2020 15:45:54,f5k2z4nh7a29lh4ep3w7f5k2wsuu9av3
305f30b931a1e860944f3c728ecfe9bf,Female,66.0,CCBS Newsletter,5/16/2020 15:51:31,24odncg38wrqzq1ty4bdam24odncgj6n
a7c6cdadeb6de7ee7b50422ccca790c9,Female,43.0,CCBS Newsletter,5/16/2020 16:08:21,atsgtawlymxga3eq75atsgtqmbfxpjdr
a287e61280c6ec7bfee25e872449416a,Female,52.0,CCBS Newsletter,5/16/2020 16:11:10,y5pig45q0z2wk26oj8y5pig0b1g55ou9
cfb6d44fa980a0beb25a06c40a92cc14,Male,62.0,CCBS Newsletter,5/16/2020 17:11:04,qrvcf56aixb1bj4edkfkokqrvcf5wm1l
630a3f9348470a88e3d3a23dae45dd7c,Female,70.0,CCBS Newsletter,5/16/2020 17:43:35,fsw5frd2nlf4u0yqqftzfsw5frqeinrx
bb4140137506a6cd36312dad5fac5c17,Male,55.0,CCBS Website,5/16/2020 18:04:41,p8mrztnn36dgq2t2dhhiglp8mrztpc1d
9d7c2c75abdcd29657e975f7bb67473c,Female,68.0,CCBS Newsletter,5/16/2020 18:39:56,tbemwgnr00l3cyhzea4tbew6f190xfpp
ec5b2eca54d2f0f47b082964c54f8882,Female,21.0,google search for school,5/16/2020 19:27:10,8d6oboomn2u4qr8m9h8d6oboh6ac1c72
5403f7aa1646c169ed99df8c13c2a287,Female,59.0,FaceBook,5/16/2020 20:03:34,p0qhvn817pnmccevppplp0qhvnhym7fp
5403f7aa1646c169ed99df8c13c2a287,Female,59.0,CCBS Newsletter,5/16/2020 20:04:02,5w1wlipvk8d49wghbutjaz5w1wlirgo5
97acab3572a19245bf79502eb3db5fe0,Female,24.0,Sister,5/16/2020 20:16:14,0euxrcr0uequ16b7zy0euxrcv9g7r78r
914cb22f059861100f9a636dbcff976e,Male,,email,5/16/2020 21:13:27,sxn9jruvthfjd20sxvfhwpb0och0wykb
914cb22f059861100f9a636dbcff976e,Male,,,5/16/2020 21:15:36,m6wszw50jo73tvx3tdjdim6wszw5yz2z
87dae3049d06447cae0602f0209a457d,Female,59.0,CCBS Newsletter,5/16/2020 21:32:42,xk2wxnvsifym5ju5pxk2wxa9ysa8bmq0
9379a7c85e47d3564b24f533349f58d0,Female,24.0,CCBS Newsletter,5/16/2020 22:32:59,onfqbewqeaqnl5s4k98ojxonfqbewvs8
d0ddc6111c50e0c774566ce641976b2c,Male,54.0,CCBS Newsletter,5/16/2020 23:59:29,4tjg1mu0kwyq1r86h24uo4tjg1mlrnlw
1edfd35c1e608eabbb35725170247da8,Female,60.0,email,5/17/2020 0:11:34,3vxojvyz9fi1cnqyj3vxojiafmrs7gd5
00f8fec8fe5222aa48a6ee310ddd44a7,Female,63.0,,5/17/2020 0:37:41,48q5ajht7pagzj48q5xzj67gcezj9uig
724f6c382fa521b0e81080391ad2a9c6,Female,43.0,CCBS Newsletter,5/17/2020 1:37:23,3tmfeaxea7o3s5hqhob38w3tmfeanpop
99572c8a37b5a023f1cb6c578880879e,Female,52.0,CCBS Newsletter,5/17/2020 4:08:35,589ft8aknhh99wzxor589ft8w27k8qwe
1d7d86f1b2cd1608ec878a73e6f842c1,Female,57.0,CCBS Newsletter,5/17/2020 11:07:38,fpsy4y0nj8h294ffp8bh9k1rsjh7la4w
440cf1990ccbdc63978cc837cbd2ed41,Female,7.0,CCBS Website,5/17/2020 12:28:44,t5qltkbkuzsj2az5ut5ql6xgmj7804zk
37e3ae7846eab8051d070538407bd23f,Female,0.0,CCBS Newsletter,5/17/2020 12:36:47,296nqvxrqlhgprm9296nqvwtb2cfbjj1
a0388a3ce781d827aa1a14f427610d79,Female,58.0,CCBS Newsletter,5/17/2020 12:53:43,gg3nis2ppr83m5csivlabgg3nis2wgt7
9636fa1b66ffe7cd47849befee49645c,Male,59.0,CCBS Newsletter,5/17/2020 14:38:24,ifa6o0m0hx6vs2zi7ifa6o0biyzst9ln
b4f3684fddcd029493f061f47225a76f,Female,31.0,CCBS Newsletter,5/17/2020 14:43:51,vw2etw3s667vu9bvw2ettzzc4if64fot
dce05e743b00aa14c835c5d98b2f4f9d,Female,64.0,CCBS Newsletter,5/17/2020 15:41:24,1xkfydpxp0yhjq7tw1xkfydpk6924ju7
98347f3ab716e6df36e1055a56ecbd76,Female,60.0,CCBS Newsletter,5/17/2020 15:46:12,ci7jsijs5k08hbceotdjaxci7jsdsqkx
2b481f70ef5f800b9d5291fa07b92140,Female,41.0,CCBS Newsletter,5/17/2020 16:54:27,sbc4d893mc5dfu1sbc4dvi4nj5r0lx04
8993b95a6f9c2b3a70e30ec33eca886e,Female,44.0,FaceBook,5/17/2020 18:02:33,45nap90swy786k2k45nap907sr5k40a3
f8be48dde0d5a2cf09c7acd064fab80d,Female,60.0,CCBS Newsletter,5/17/2020 18:20:20,jwvzdgtifdyunjwvzdgc8jyrup1q0jkk
0937dd7b301aeae907eed88b17b7ca13,Female,42.0,CCBS Newsletter,5/17/2020 19:42:44,9muu48i5il4ak97s7zp9muu48i7a9gs1
8fdf6596730e53a47e6ef0105b1fd922,Female,50.0,Linked In,5/17/2020 20:08:28,nd3mueednwax69e0lc8p9xynd3muef9e
9c7e649a00fd40c4aa121953aa1f634e,Female,61.0,CCBS Newsletter,5/17/2020 20:09:50,qkmcwsnsf7gwkm8gq0fhhbsqkmcwsidm
9c7e649a00fd40c4aa121953aa1f634e,Female,61.0,CCBS Newsletter,5/17/2020 20:13:59,yx4yfts4z4u239clhy3vt9yx4yfts71d
db8669cbc7e69bd0b8e8c121b6155032,Female,54.0,CCBS Newsletter,5/17/2020 20:24:01,d57v007rhjeow5n14d57v6myfnrgk9ap
b599d0271a542c8bf46e64af67a02b99,Female,51.0,CCBS Newsletter,5/17/2020 20:54:26,begnwd2m5r93e83y0ybegnwle7dwj3fg
916eef1f85d092c6bee94d8ac6d33410,Male,69.0,f,5/17/2020 21:06:30,u0wkkb1157zx1fxz1l4yu0wk3y2wg3p0
f41f115c6bfbb0db9ea2011cb340d23c,,,CCBS Newsletter,5/17/2020 21:25:15,e795qyti6adip1ne795ev1wl2qhqdoh7
97b6f9475751ed7eb445d24cab3aacaf,Female,78.0,CCBS Newsletter,5/17/2020 21:50:25,l6cog82bwobagori2l6co4iwrk9wzezq
229750b96eeb278d84bf5201926ad535,Female,77.0,CCBS Newsletter,5/18/2020 0:09:48,re03lnbnlu9tou544l3est5re03lnsd2
ea51e2646f93dda9d677b7755e2c137e,Female,47.0,FaceBook,5/18/2020 1:27:55,tp97v2padfcmeefi3dtp97v2r35fy8kk
b54a9aa0be30c9840f59f972fcea6c09,Female,64.0,CCBS Newsletter,5/18/2020 1:50:16,vnr8ty4r73kdwljnsy0vnr8tt17hn4im
57a287bfa91256c9875e0a6d2ea22b00,Female,45.0,CCBS Newsletter,5/18/2020 2:04:16,90cic6ykshk6x790cimc5fip1nt0984l
335a63624b7f7dac114d2b55dd34a030,Female,49.0,email,5/18/2020 6:08:24,jp19dunxutx9haj9gcdjp19dun2mqate
33635d5e0752c9d12573f53d7159ab7f,Female,40.0,"CCBS Newsletter, email",5/18/2020 6:57:20,vfnogawfge1tq0ls9l97vfnog82batbz
a415aea4fcbcbc4ef63a4dadaba98289,Female,,CCBS Newsletter,5/18/2020 13:27:12,vcb6v8yybyu5j7jz2v6vcb6v8yjux03b
8af44061e47f36583e006f874a475cf4,Female,55.0,Linked In,5/18/2020 14:10:56,f7luj447roux05v3w49f7luj4ls22118
2b1744b631f242b973aaa68a8fa18c66,Female,62.0,CCBS Newsletter,5/18/2020 16:26:42,l4i3iyrh739dyo6l4i3tdkcg29gurlz6
1a17d03ce9ff421a899dc79fca403935,Female,63.0,CCBS Newsletter,5/18/2020 17:17:52,2kjo6prjoviotb6dxz3xq2kjo6p0tp3c
e55d1a9ec79b08052781f2c34b706d92,Male,58.0,FaceBook,5/18/2020 17:19:57,lea8khutlp0ig19vdlea81knq88ss76a
1abfb265b0ae2d2ddb9088088e0d4210,Female,33.0,CCBS Newsletter,5/18/2020 17:34:34,1dybi8i0qz26505f41dy4z8nf6522vhd
3593ab7c5ecfee90b856c2e6d2cdcc3d,Female,61.0,Your Email to me,5/18/2020 17:59:11,f8c7jkf1z7264mwf8c188ag68jqgeyzj
139bc3b89c4e894f75bd8f69e8ad0a1d,Female,44.0,CCBS Newsletter,5/18/2020 18:34:17,127yexb3wg3ozi8wl0l2127ye5lv5bk7
f54ca00a58965c3f10e05b53e5b03268,Female,29.0,Email - study participant for many years,5/18/2020 18:49:45,z2s42mrm5kby3rz2s4275twgydl19rsl
1a1625c3b9c8ca9b52ed682948258df2,Female,63.0,Email,5/18/2020 20:10:18,vpqa7v3v4ob86uyle0vpqa14fv82r0oo
09d63a32c1a54764b2486f8630931b7a,Female,48.0,CCBS Newsletter,5/18/2020 20:29:11,npv1zhv0empj6gg2rnpv1fog36juvjax
fa3f9a2a0946ca43ff6e7e5daba9cb9f,Female,28.0,FaceBook,5/18/2020 21:44:26,x1rxdotulspmvee3x1rxb17rjlh6n84k
8f413214a65939c21e88ee9aaf78b258,Male,57.0,CCBS Newsletter,5/18/2020 22:10:57,2l4b7dvbyedq0gn0gzul52l4b7d16m55
30ac7687398b77cd6dfa6f07f2bc69a8,Female,66.0,CCBS Newsletter,5/19/2020 0:28:04,63idb9pb6rqr124p9f29sc63idb9pytn
bb1cb800c2b4c02d555cbb345a0c8266,Female,58.0,CCBS Newsletter,5/19/2020 0:33:21,fp7lz89vy80wvbbizfp7lz89n9uupsee
16e69bd5e4f866969050f6495d0b64fa,Female,58.0,FaceBook,5/19/2020 1:35:41,cdbuqze1xpfyikeo425s5smd4cdbuqz6
4b3c0c74f2c59d9578558f38cd7fadc7,Female,54.0,CCBS Newsletter,5/19/2020 3:42:50,ij8d1iu36o0hw0oviij8d1332w2of042
dbaa6d2e79ff1ae70fff53790035f5ec,Female,57.0,CCBS Newsletter,5/19/2020 12:03:55,9n5y2qnilmlypekn0y922q9n5y2qn1ba
e94e9d46159f845de79d88266a9b2aa7,Female,,FaceBook,5/19/2020 12:32:46,g4f4q0rdftyve8pgi28x4g4f4q0ulao7
5c0a6a364d63014d36ed3aa779292b67,Female,53.0,FaceBook,5/19/2020 17:02:19,86veb68y40wyavx8kqjvx86veb69hv73
708a12fc72828e0337856412c843e6d1,Female,50.0,CCBS Newsletter,5/19/2020 18:00:50,alin76scdth2pypwjnv9talin76cvx6q
26c9db85c769ab4d5f819a9a578b53f1,Female,35.0,CCBS Newsletter,5/19/2020 18:31:55,a4nof0c1aegf7xa495m1trxoobg0sckl
a5f93b7ae48651978c3bb4f787e7c6b7,Female,57.0,Linked In,5/20/2020 1:26:51,wljq40vzdgfebus2zeiwljq4mj0uk5hj
6eaf71e5bbc614f30b4e478c4aa0a4da,Female,54.0,CCBS Newsletter,5/20/2020 1:45:53,7go6bkhesi0uey87go410q8kttoe09zc
b9f0240187b737feaf39f249b55606f2,Female,69.0,CCBS Newsletter,5/20/2020 12:55:38,q2hd0gkxoofpls5j0q2hd0gkgbcs6zc1
77d23ee3fcbe01e1e5a5d20fdfdce29c,Female,58.0,CCBS Newsletter,5/20/2020 16:31:09,h7c86vac908lxz89gwmh7c86vakkr2df
aba37190e2c4106f9c691dd045648435,Female,43.0,CCBS Newsletter,5/20/2020 17:20:36,b68lebgtyafma3gb68lebgm7g5kss008
054551d4d073cdd7537ba3757b61a29f,Female,51.0,CCBS Newsletter,5/20/2020 18:32:53,0q63fhu0zn8u085uetf10q63fskh275z
a06b6dd637aae15b04b44fad7dd9e6f3,Female,43.0,CCBS Newsletter,5/20/2020 19:28:27,oyafm88qhvuyjbqqk3vaoyafm8tr6mlo
2a958a19c348febaf76670adca12f029,Female,43.0,CCBS Newsletter,5/20/2020 21:00:46,3lg9bkm9zql2t93lg9bkd38pr5zi8yfx
